-- Converted from MariaDB dump to SQL Server compatible INSERT script
-- Source: c:\Users\oscarpv\Downloads\capacity.sql
-- Note: This file contains data INSERTs only. Create schema first.

SET NOCOUNT ON;
BEGIN TRANSACTION;
-- --------------------------------------------------------
-- Host:                         127.0.0.1
-- Versión del servidor:         11.8.6-MariaDB - MariaDB Server
-- SO del servidor:              Win64
-- HeidiSQL Versión:             12.14.0.7165
-- --------------------------------------------------------









-- Volcando datos para la tabla capacity_db.actividades: ~48 rows (aproximadamente)
INSERT INTO [actividades] ([id_actividad], [id_registro], [id_subcategoria], [id_proyecto], [duracion_mins], [descripcion], [estado], [comentario_rechazo], [creado_en], [actualizado_en]) VALUES
	(1, 1, 3, NULL, 20, '', 'aprobado', NULL, '2026-04-01 23:07:18', '2026-04-01 23:44:50'),
	(2, 1, 9, 1, 160, '', 'aprobado', NULL, '2026-04-01 23:07:25', '2026-04-01 23:44:50'),
	(3, 1, 14, NULL, 60, '', 'aprobado', NULL, '2026-04-01 23:07:39', '2026-04-01 23:44:50'),
	(4, 1, 13, NULL, 60, '', 'aprobado', NULL, '2026-04-01 23:07:47', '2026-04-01 23:44:50'),
	(5, 1, 5, NULL, 120, '', 'aprobado', NULL, '2026-04-01 23:07:54', '2026-04-01 23:44:50'),
	(6, 3, 11, NULL, 15, '', 'enviado', NULL, '2026-04-01 23:08:42', '2026-04-01 23:09:59'),
	(7, 3, 15, NULL, 15, '', 'enviado', NULL, '2026-04-01 23:08:43', '2026-04-01 23:09:59'),
	(8, 5, 2, NULL, 120, '', 'aprobado', NULL, '2026-04-01 23:45:22', '2026-04-02 00:55:49'),
	(9, 5, 3, NULL, 200, '', 'aprobado', NULL, '2026-04-01 23:45:23', '2026-04-02 00:55:49'),
	(10, 5, 5, NULL, 30, '', 'aprobado', NULL, '2026-04-01 23:45:23', '2026-04-02 00:55:49'),
	(11, 5, 7, NULL, 60, '', 'aprobado', NULL, '2026-04-01 23:45:24', '2026-04-02 00:55:49'),
	(12, 5, 15, NULL, 180, '', 'aprobado', NULL, '2026-04-01 23:45:35', '2026-04-02 00:55:49'),
	(13, 4, 22, NULL, 120, '', 'aprobado', NULL, '2026-04-01 23:47:16', '2026-04-01 23:56:06'),
	(14, 4, 23, NULL, 60, '', 'aprobado', NULL, '2026-04-01 23:47:16', '2026-04-01 23:56:06'),
	(15, 4, 13, NULL, 180, '', 'aprobado', NULL, '2026-04-01 23:47:18', '2026-04-01 23:56:06'),
	(16, 4, 17, NULL, 90, '', 'aprobado', NULL, '2026-04-01 23:47:19', '2026-04-01 23:56:06'),
	(17, 2, 1, NULL, 60, '', 'aprobado', NULL, '2026-04-02 00:51:51', '2026-04-02 00:55:50'),
	(18, 2, 9, 1, 120, '', 'aprobado', NULL, '2026-04-02 00:51:54', '2026-04-02 00:55:50'),
	(19, 2, 22, NULL, 240, '', 'aprobado', NULL, '2026-04-02 00:51:55', '2026-04-02 00:55:50'),
	(20, 2, 13, NULL, 30, '', 'aprobado', NULL, '2026-04-02 00:51:56', '2026-04-02 00:55:50'),
	(21, 2, 18, NULL, 45, '', 'aprobado', NULL, '2026-04-02 00:51:57', '2026-04-02 00:55:50'),
	(22, 7, 9, NULL, 15, '', 'enviado', NULL, '2026-04-02 00:56:02', '2026-04-02 00:56:09'),
	(23, 7, 10, NULL, 15, '', 'enviado', NULL, '2026-04-02 00:56:03', '2026-04-02 00:56:09'),
	(24, 7, 23, NULL, 15, '', 'enviado', NULL, '2026-04-02 00:56:05', '2026-04-02 00:56:09'),
	(25, 6, 2, NULL, 180, '', 'rechazado', NULL, '2026-04-02 02:10:01', '2026-04-02 02:11:10'),
	(26, 6, 10, NULL, 240, '', 'rechazado', NULL, '2026-04-02 02:10:03', '2026-04-02 02:11:10'),
	(27, 6, 23, NULL, 60, '', 'rechazado', NULL, '2026-04-02 02:10:05', '2026-04-02 02:11:10'),
	(29, 8, 9, 2, 15, '', 'borrador', NULL, '2026-04-07 21:10:19', '2026-04-07 21:10:24'),
	(30, 15, 2, NULL, 75, '', 'borrador', NULL, '2026-04-09 01:34:30', '2026-04-09 01:34:37'),
	(31, 15, 4, NULL, 15, '', 'borrador', NULL, '2026-04-09 01:34:32', '2026-04-09 01:34:32'),
	(32, 15, 1, NULL, 15, '', 'borrador', NULL, '2026-04-09 12:18:31', '2026-04-09 12:18:31'),
	(33, 15, 4, NULL, 15, '', 'borrador', NULL, '2026-04-09 12:18:33', '2026-04-09 12:18:33'),
	(34, 15, 7, NULL, 15, '', 'borrador', NULL, '2026-04-09 12:18:34', '2026-04-09 12:18:34'),
	(35, 16, 1, NULL, 400, '', 'borrador', NULL, '2026-04-09 12:18:59', '2026-04-09 12:19:24'),
	(36, 16, 2, NULL, 15, '', 'borrador', NULL, '2026-04-09 12:19:00', '2026-04-09 12:19:00'),
	(37, 16, 1, NULL, 15, '', 'borrador', NULL, '2026-04-09 12:19:02', '2026-04-09 12:19:02'),
	(38, 16, 9, 5, 15, '', 'borrador', NULL, '2026-04-09 12:20:04', '2026-04-09 12:20:10'),
	(39, 16, 9, NULL, 15, '', 'borrador', NULL, '2026-04-09 12:22:02', '2026-04-09 12:22:02'),
	(40, 15, 1, NULL, 15, '', 'borrador', NULL, '2026-04-09 17:10:33', '2026-04-09 17:10:33'),
	(41, 18, 1, NULL, 15, '125122', 'borrador', NULL, '2026-04-09 17:11:55', '2026-04-09 17:13:01'),
	(42, 18, 1, NULL, 15, '', 'borrador', NULL, '2026-04-09 17:12:03', '2026-04-09 17:12:03'),
	(43, 18, 1, NULL, 15, '', 'borrador', NULL, '2026-04-09 17:12:04', '2026-04-09 17:12:04'),
	(44, 19, 7, NULL, 150, '', 'borrador', NULL, '2026-04-22 00:44:32', '2026-04-22 00:45:45'),
	(45, 19, 5, NULL, 60, '', 'borrador', NULL, '2026-04-22 00:44:38', '2026-04-22 00:45:39'),
	(46, 19, 1, NULL, 45, '', 'borrador', NULL, '2026-04-22 00:44:40', '2026-04-22 00:45:40'),
	(47, 19, 2, NULL, 195, '', 'borrador', NULL, '2026-04-22 00:44:40', '2026-04-22 00:45:43'),
	(53, 21, 10, NULL, 15, '', 'borrador', NULL, '2026-04-22 00:48:09', '2026-04-22 00:48:09'),
	(54, 19, 10, NULL, 15, '', 'borrador', NULL, '2026-04-22 01:41:29', '2026-04-22 01:41:29');

-- Volcando datos para la tabla capacity_db.areas: ~7 rows (aproximadamente)
INSERT INTO [areas] ([id_area], [AREA], [NOM_AREA], [area_key], [id_departamento]) VALUES
	(1, 101, 'Infraestructura y Telecomunicaciones', 'infraestructura', 10),
	(2, 102, 'Seguridad Informática', 'seguridad', 10),
	(3, 103, 'Soporte Técnico', 'soporte_tecnico', 10),
	(4, 104, 'Mesa de Ayuda', 'mesa_ayuda', 10),
	(5, 105, 'Procesos ITIL y Gobierno', 'procesos_itil', 10),
	(6, 106, 'Aplicaciones Empresariales (ERP)', 'aplicaciones_erp', 10),
	(7, 107, 'Aplicaciones Digitales', 'aplicaciones_digi', 10);

-- Volcando datos para la tabla capacity_db.auditoria: ~0 rows (aproximadamente)

-- Volcando datos para la tabla capacity_db.categorias_actividad: ~5 rows (aproximadamente)
INSERT INTO [categorias_actividad] ([id_categoria], [id_ccosto], [nombre], [color], [orden], [activo]) VALUES
	(1, NULL, 'Operacion', '#3E5D9D', 1, 1),
	(2, NULL, 'Proyectos y Mejora', '#30693B', 2, 1),
	(3, NULL, 'Gestion y Coordinacion', '#D65830', 3, 1),
	(4, NULL, 'Desarrollo Profesional', '#4554A1', 4, 1),
	(5, NULL, 'Ausencias', '#992C26', 5, 1);

-- Volcando datos para la tabla capacity_db.centros_costo: ~0 rows (aproximadamente)

-- Volcando datos para la tabla capacity_db.config_capacidad: ~0 rows (aproximadamente)
INSERT INTO [config_capacidad] ([id_config], [id_ccosto], [horas_semana], [pct_meta_run], [pct_meta_build], [pct_meta_admin], [pct_meta_grow], [permite_sabado], [permite_domingo], [creado_por], [actualizado_en]) VALUES
	(1, 7, 44.0, 60, 40, 15, 10, 1, 1, NULL, '2026-04-01 14:52:17');

-- Volcando datos para la tabla capacity_db.departamentos: ~0 rows (aproximadamente)
INSERT INTO [departamentos] ([id_departamento], [DPTO], [NOM_DPTO]) VALUES
	(10, 10, 'TECNOLOGÍA DE LA INFORMACIÓN');

-- Volcando datos para la tabla capacity_db.empleado_proyecto: ~6 rows (aproximadamente)
INSERT INTO [empleado_proyecto] ([id_empleado], [id_proyecto], [activo], [asignado_por], [asignado_en]) VALUES
	(3, 1, 0, 2, '2026-04-01 15:24:19'),
	(3, 2, 1, 2, '2026-04-01 15:24:19'),
	(3, 4, 0, 2, '2026-04-07 22:37:15'),
	(3, 5, 1, 2, '2026-04-01 15:24:19'),
	(3, 6, 0, 2, '2026-04-07 22:37:29'),
	(3, 7, 1, 2, '2026-04-07 18:50:42'),
	(3, 9, 1, 2, '2026-04-07 22:32:49');

-- Volcando datos para la tabla capacity_db.empleados: ~79 rows (aproximadamente)
INSERT INTO [empleados] ([id_empleado], [EMPLEADO], [tipo_documento], [numero_documento], [nombre], [apellido], [id_oficio], [id_area], [id_departamento], [id_ccosto], [id_grupo], [id_jefe], [id_usuario], [activo], [fecha_ingreso], [creado_en]) VALUES
	(1, 0, 'CC', '00000001', 'Admin', 'Sistema', NULL, NULL, 10, NULL, NULL, NULL, 1, 1, NULL, '2026-04-21 19:05:06'),
	(2, 41719, 'CC', '79642078', 'Ernesto', 'Cárdenas Álvarez', 369, NULL, 10, NULL, NULL, NULL, 2, 1, '2011-04-01', '2026-04-21 19:05:06'),
	(3, 111594, 'CC', '72008476', 'Luis Alfonso', 'Ribón Cañarete', 451, 1, 10, NULL, NULL, 2, 3, 1, '2020-03-09', '2026-04-21 19:05:06'),
	(4, 112783, 'CC', '1000721940', 'Edwin Daniel', 'Contreras Vásquez', 486, 2, 10, NULL, NULL, 2, 4, 1, '2020-10-01', '2026-04-21 19:05:06'),
	(5, 221434, 'CC', '86065466', 'Miguel Ángel', 'Londoño Muñoz', 489, 3, 10, NULL, NULL, 2, 5, 1, '2023-08-01', '2026-04-21 19:05:06'),
	(6, 98999, 'CC', '1023917580', 'Julio César', 'Saray López', 258, 3, 10, NULL, NULL, 5, 6, 1, '2019-04-01', '2026-04-21 19:05:06'),
	(7, 57178, 'CC', '1032386479', 'Iván Darío', 'Combita Rubio', 269, 4, 10, NULL, NULL, 5, 7, 1, '2013-06-11', '2026-04-21 19:05:06'),
	(8, 72443, 'CC', '1030606131', 'Jhoan Andrés', 'Hernández Salamanca', 465, 6, 10, NULL, NULL, 2, 8, 1, '2015-10-16', '2026-04-21 19:05:06'),
	(9, 205145, 'CC', '8485866', 'Roger Habatt', 'Moreno Miranda', 465, 7, 10, NULL, NULL, 2, 9, 1, '2021-11-05', '2026-04-21 19:05:06'),
	(10, 68606, 'CC', '7570514', 'Yaid', 'Arias Miranda', 497, NULL, 10, NULL, NULL, 2, 10, 1, '2014-11-21', '2026-04-21 19:05:06'),
	(11, 55788, 'CC', '79972312', 'William Alberto', 'Castañeda Velásquez', 388, 1, 10, NULL, NULL, 3, 11, 1, '2013-03-06', '2026-04-21 19:05:06'),
	(12, 71189, 'CC', '1022332935', 'Elver Eduardo', 'Benavides Peña', 388, 1, 10, NULL, NULL, 3, 12, 1, '2015-06-01', '2026-04-21 19:05:06'),
	(13, 201727, 'CC', '1014239902', 'Mauricio Alberto', 'Castañeda Torres', 388, 1, 10, NULL, NULL, 3, 13, 1, '2021-08-02', '2026-04-21 19:05:06'),
	(14, 213506, 'CC', '1030554746', 'Diego Andrés', 'Numpaque Fonseca', 388, 1, 10, NULL, NULL, 3, 14, 1, '2022-09-05', '2026-04-21 19:05:06'),
	(15, 240379, 'CC', '79505939', 'César Augusto', 'Hernández Lucena', 388, 1, 10, NULL, NULL, 3, 15, 1, '2025-07-02', '2026-04-21 19:05:06'),
	(16, 210921, 'CC', '1019041212', 'Luis Gabriel', 'Alba García', 391, 1, 10, NULL, NULL, 3, 16, 1, '2022-05-16', '2026-04-21 19:05:06'),
	(17, 243659, 'CC', '1013607724', 'Emily Tatiana', 'Cagua Rodríguez', 6, 1, 10, NULL, NULL, 3, 17, 1, '2025-12-01', '2026-04-21 19:05:06'),
	(18, 201907, 'CC', '80830116', 'Javier Leonardo', 'González Gómez', 753, 2, 10, NULL, NULL, 4, 18, 1, '2021-08-11', '2026-04-21 19:05:06'),
	(19, 63296, 'CC', '1099545822', 'Walter', 'González Rincón', 740, 2, 10, NULL, NULL, 4, 19, 1, '2014-02-03', '2026-04-21 19:05:06'),
	(20, 242965, 'CC', '1030658093', 'Fabián Esteban', 'León Lovera', 740, 2, 10, NULL, NULL, 4, 20, 1, '2025-11-11', '2026-04-21 19:05:06'),
	(21, 244456, 'CC', '1019762983', 'Kelly Lizeth', 'Navarro Pinzón', 6, 2, 10, NULL, NULL, 4, 21, 1, '2026-01-30', '2026-04-21 19:05:06'),
	(22, 244459, 'CC', '1069717117', 'Harold Stiven', 'Castro González', 6, 2, 10, NULL, NULL, 4, 22, 1, '2026-01-30', '2026-04-21 19:05:06'),
	(23, 31223, 'CC', '9635896', 'Javier', 'Martínez López', 816, 3, 10, NULL, NULL, 6, 23, 1, '2006-02-16', '2026-04-21 19:05:06'),
	(24, 56390, 'CC', '80072297', 'Miguel Ernesto', 'Rodríguez', 816, 3, 10, NULL, NULL, 6, 24, 1, '2013-04-01', '2026-04-21 19:05:06'),
	(25, 78807, 'CC', '1014224357', 'Jonlee Stefanny', 'Tique Vargas', 816, 3, 10, NULL, NULL, 6, 25, 1, '2016-09-24', '2026-04-21 19:05:06'),
	(26, 112094, 'CC', '1070962020', 'Miller Johan', 'Rodríguez Luque', 816, 3, 10, NULL, NULL, 6, 26, 1, '2020-08-10', '2026-04-21 19:05:06'),
	(27, 112517, 'CC', '1000494427', 'Esteban Miguel', 'Alvarado Pedraza', 816, 3, 10, NULL, NULL, 6, 27, 1, '2020-09-15', '2026-04-21 19:05:06'),
	(28, 113069, 'CC', '1030560397', 'Jender Alexander', 'Mejía', 816, 3, 10, NULL, NULL, 6, 28, 1, '2020-10-19', '2026-04-21 19:05:06'),
	(29, 113146, 'CC', '1022425125', 'David Alejandro', 'Rodríguez Martínez', 816, 3, 10, NULL, NULL, 6, 29, 1, '2020-10-21', '2026-04-21 19:05:06'),
	(30, 114889, 'CC', '1022427030', 'Juan Pablo', 'Reyes Grijalba', 816, 3, 10, NULL, NULL, 6, 30, 1, '2020-11-18', '2026-04-21 19:05:06'),
	(31, 116895, 'CC', '1007866529', 'Sandro Estevan', 'Rojas Téllez', 816, 3, 10, NULL, NULL, 6, 31, 1, '2021-03-09', '2026-04-21 19:05:06'),
	(32, 201875, 'CC', '1031176330', 'Juan David', 'Peña Munevar', 816, 3, 10, NULL, NULL, 6, 32, 1, '2021-08-09', '2026-04-21 19:05:06'),
	(33, 202596, 'CC', '52752362', 'Claudia Janneth', 'López Escobar', 816, 3, 10, NULL, NULL, 6, 33, 1, '2021-09-06', '2026-04-21 19:05:06'),
	(34, 204442, 'CC', '1233502558', 'Eduar Enrique', 'Gil Parra', 816, 3, 10, NULL, NULL, 6, 34, 1, '2021-10-23', '2026-04-21 19:05:06'),
	(35, 209915, 'CC', '1067280782', 'Haider Alonso', 'López Mercado', 816, 3, 10, NULL, NULL, 6, 35, 1, '2022-04-06', '2026-04-21 19:05:06'),
	(36, 214069, 'CC', '1113520001', 'Gustavo Eduardo', 'López Garcés', 816, 3, 10, NULL, NULL, 6, 36, 1, '2022-10-03', '2026-04-21 19:05:06'),
	(37, 234125, 'CC', '1026588781', 'Edisson Alejandro', 'Peña Gutiérrez', 816, 3, 10, NULL, NULL, 6, 37, 1, '2024-10-21', '2026-04-21 19:05:06'),
	(38, 238681, 'CC', '1033696608', 'Sofía Daniela', 'Castro Reyes', 816, 3, 10, NULL, NULL, 6, 38, 1, '2025-04-01', '2026-04-21 19:05:06'),
	(39, 110176, 'CC', '1020749081', 'Yiris Del Carmen', 'Salas Torres', 5, 4, 10, NULL, NULL, 7, 39, 1, '2019-12-14', '2026-04-21 19:05:06'),
	(40, 112093, 'CC', '1094943890', 'Andrés Gerardo', 'Velásquez Carrillo', 5, 4, 10, NULL, NULL, 7, 40, 1, '2020-08-10', '2026-04-21 19:05:06'),
	(41, 114095, 'CC', '1010037514', 'Cristian Estiben', 'Lozano Molina', 5, 4, 10, NULL, NULL, 7, 41, 1, '2020-11-09', '2026-04-21 19:05:06'),
	(42, 202471, 'CC', '1010034441', 'Santiago', 'Rojas Castañeda', 5, 4, 10, NULL, NULL, 7, 42, 1, '2021-09-01', '2026-04-21 19:05:06'),
	(43, 205722, 'CC', '1007751178', 'David Hernando', 'Chaparro Montaña', 5, 4, 10, NULL, NULL, 7, 43, 1, '2021-11-17', '2026-04-21 19:05:06'),
	(44, 211008, 'CC', '1000131431', 'Jaider Stiven', 'Guevara Espitia', 5, 4, 10, NULL, NULL, 7, 44, 1, '2022-05-19', '2026-04-21 19:05:06'),
	(45, 214001, 'CC', '1000781303', 'César Jair', 'Medina Morales', 5, 4, 10, NULL, NULL, 7, 45, 1, '2022-09-26', '2026-04-21 19:05:06'),
	(46, 216476, 'CC', '1014275509', 'César Arturo', 'Aragón Herazo', 5, 4, 10, NULL, NULL, 7, 46, 1, '2022-12-07', '2026-04-21 19:05:06'),
	(47, 218350, 'CC', '1030692251', 'Jessica Alejandra', 'Hernández Moreno', 5, 4, 10, NULL, NULL, 7, 47, 1, '2023-02-13', '2026-04-21 19:05:06'),
	(48, 221142, 'CC', '1067731582', 'Duvan Andrés', 'Holguín Bonilla', 5, 4, 10, NULL, NULL, 7, 48, 1, '2023-07-10', '2026-04-21 19:05:06'),
	(49, 224062, 'CC', '1014300545', 'Juan Camilo', 'Vargas Téllez', 5, 4, 10, NULL, NULL, 7, 49, 1, '2023-10-26', '2026-04-21 19:05:06'),
	(50, 241502, 'CC', '1233504259', 'Daniela Geraldine', 'Santiago Valcarcel', 5, 4, 10, NULL, NULL, 7, 50, 1, '2025-09-15', '2026-04-21 19:05:06'),
	(51, 98874, 'CC', '1070943672', 'Jorge Enrique', 'Duque Escobar', 523, 5, 10, NULL, NULL, 5, 51, 1, '2019-03-26', '2026-04-21 19:05:06'),
	(52, 100954, 'CC', '1110492242', 'Jorge Luis', 'Niño Bayona', 523, 5, 10, NULL, NULL, 5, 52, 1, '2019-06-21', '2026-04-21 19:05:06'),
	(53, 225921, 'CC', '1104069343', 'Pedro David', 'Fernández', 751, 5, 10, NULL, NULL, 5, 53, 1, '2023-12-07', '2026-04-21 19:05:06'),
	(54, 242936, 'CC', '1034657980', 'Laura Valentina', 'Herrera Pacheco', 816, 5, 10, NULL, NULL, 5, 54, 1, '2025-11-11', '2026-04-21 19:05:06'),
	(55, 244191, 'CC', '1075687113', 'Jorge Andrés', 'Colina Bello', 6, 5, 10, NULL, NULL, 5, 55, 1, '2025-12-12', '2026-04-21 19:05:06'),
	(56, 244015, 'CC', '1014248817', 'Paola Alexandra', 'Páez Osorio', 6, 5, 10, NULL, NULL, 5, 56, 1, '2025-12-05', '2026-04-21 19:05:06'),
	(57, 244677, 'CC', '1233498427', 'Juan Camilo', 'Becerra Peña', 6, 5, 10, NULL, NULL, 5, 80, 1, '2026-02-23', '2026-04-21 19:05:06'),
	(58, 223223, 'CC', '52517136', 'Rubby Johanna', 'Muñoz Caicedo', 716, 6, 10, NULL, NULL, 8, 58, 1, '2023-10-02', '2026-04-21 19:05:06'),
	(59, 213304, 'CC', '1072194211', 'Miguel Ángel', 'Muñoz Rodríguez', 716, 6, 10, NULL, NULL, 8, 59, 1, '2022-08-24', '2026-04-21 19:05:06'),
	(60, 110080, 'CC', '1033801645', 'Wendy Andrea', 'Beltrán Clavijo', 716, 6, 10, NULL, NULL, 8, 60, 1, '2019-12-09', '2026-04-21 19:05:06'),
	(61, 68916, 'CC', '80220874', 'Edgar Mauricio', 'Triana Cardona', 716, 6, 10, NULL, NULL, 8, 61, 1, '2014-12-01', '2026-04-21 19:05:06'),
	(62, 49425, 'CC', '1015998015', 'Fabio Andrés', 'Cuadrado', 716, 6, 10, NULL, NULL, 8, 62, 1, '2012-05-02', '2026-04-21 19:05:06'),
	(63, 40712, 'CC', '80771697', 'Jorge Eliecer', 'Bohórquez Bautista', 716, 6, 10, NULL, NULL, 8, 63, 1, '2011-01-17', '2026-04-21 19:05:06'),
	(64, 31234, 'CC', '52333832', 'Neila Cecilia', 'Bustos Castañeda', 716, 6, 10, NULL, NULL, 8, 64, 1, '2008-12-11', '2026-04-21 19:05:06'),
	(65, 209945, 'CC', '1014254827', 'María de los Ángeles', 'Martínez Morales', 716, 7, 10, NULL, NULL, 9, 65, 1, '2022-04-07', '2026-04-21 19:05:06'),
	(66, 201791, 'CC', '1232406918', 'Leidy Fabiola', 'González Torres', 716, 7, 10, NULL, NULL, 9, 66, 1, '2021-08-04', '2026-04-21 19:05:06'),
	(67, 100855, 'CC', '1000721839', 'Ángel David', 'Cuéllar Castro', 716, 7, 10, NULL, NULL, 9, 67, 1, '2019-06-18', '2026-04-21 19:05:06'),
	(68, 97713, 'CC', '80174626', 'Luis Felipe', 'Quintero Mejía', 716, 7, 10, NULL, NULL, 9, 68, 1, '2019-02-01', '2026-04-21 19:05:06'),
	(69, 66432, 'CC', '1031121337', 'Marco Alexander', 'Torres Páez', 716, 7, 10, NULL, NULL, 9, 69, 1, '2014-09-03', '2026-04-21 19:05:06'),
	(70, 63297, 'CC', '1022348589', 'José Antonio', 'Alza Zúñiga', 716, 7, 10, NULL, NULL, 9, 70, 1, '2014-02-03', '2026-04-21 19:05:06'),
	(71, 66845, 'CC', '80809727', 'César Alberto', 'Moreno Pisco', 716, 7, 10, NULL, NULL, 9, 71, 1, '2014-10-06', '2026-04-21 19:05:06'),
	(72, 201796, 'CC', '1095838028', 'Yury Natalia', 'Rodríguez Romero', 714, 7, 10, NULL, NULL, 9, 72, 1, '2021-08-04', '2026-04-21 19:05:06'),
	(73, 201782, 'CC', '1012377131', 'Diego Armando', 'Castiblanco Talero', 714, 7, 10, NULL, NULL, 9, 73, 1, '2021-08-04', '2026-04-21 19:05:06'),
	(74, 201822, 'CC', '52789281', 'Angie Yuvelli', 'Martínez Pineda', 714, 7, 10, NULL, NULL, 9, 74, 1, '2021-08-05', '2026-04-21 19:05:06'),
	(75, 228358, 'CC', '1000382288', 'Kevin Santiago', 'Chacón Ospina', 714, 7, 10, NULL, NULL, 9, 75, 1, '2024-04-01', '2026-04-21 19:05:06'),
	(76, 242490, 'CC', '1000136323', 'Oscar Daniel', 'Pérez Vargas', 714, 7, 10, NULL, NULL, 9, 76, 1, '2025-11-04', '2026-04-21 19:05:06'),
	(77, 244463, 'CC', '1011086580', 'Andrés Felipe', 'Díaz Bernal', 714, 7, 10, NULL, NULL, 9, 77, 1, '2026-02-02', '2026-04-21 19:05:06'),
	(78, 227684, 'CC', '1001348735', 'Alejandro', 'Romero Doncel', 716, 7, 10, NULL, NULL, 9, 78, 1, '2024-02-23', '2026-04-21 19:05:06'),
	(79, 109902, 'CC', '1023924483', 'Yesid Leandro', 'Rodríguez Pinzón', 714, 7, 10, NULL, NULL, 9, 79, 1, '2019-12-02', '2026-04-21 19:05:06');

-- Volcando datos para la tabla capacity_db.favoritos_empleado: ~0 rows (aproximadamente)

-- Volcando datos para la tabla capacity_db.grupos: ~4 rows (aproximadamente)
INSERT INTO [grupos] ([id_grupo], [GRUPO], [NOM_GRUPO]) VALUES
	(1, 51, 'GASTO ADMINISTRACIÓN'),
	(2, 52, 'GASTO COMERCIAL'),
	(3, 72, 'GASTO MANO DE OBRA DIRECTA'),
	(4, 73, 'GASTO MANO DE OBRA INDIRECTA');

-- Volcando datos para la tabla capacity_db.historial_aprobaciones: ~6 rows (aproximadamente)
INSERT INTO [historial_aprobaciones] ([id_aprobacion], [id_registro], [id_revisor], [accion], [comentario], [creado_en]) VALUES
	(1, 1, 2, 'aprobado', NULL, '2026-04-01 23:44:50'),
	(2, 5, 2, 'rechazado', 'Prueba', '2026-04-01 23:55:57'),
	(3, 4, 2, 'aprobado', NULL, '2026-04-01 23:56:06'),
	(4, 5, 2, 'aprobado', NULL, '2026-04-02 00:55:49'),
	(5, 2, 2, 'aprobado', NULL, '2026-04-02 00:55:50'),
	(6, 6, 2, 'rechazado', 'prueba 2', '2026-04-02 02:11:10');

-- Volcando datos para la tabla capacity_db.jefe_areas_visibilidad: ~12 rows (aproximadamente)
INSERT INTO [jefe_areas_visibilidad] ([id_jefe], [id_area]) VALUES
	(2, 1),
	(2, 2),
	(2, 3),
	(2, 4),
	(2, 5),
	(2, 6),
	(2, 7),
	(5, 3),
	(5, 4),
	(5, 5),
	(6, 3),
	(7, 4);

-- Volcando datos para la tabla capacity_db.notificaciones: ~25 rows (aproximadamente)
INSERT INTO [notificaciones] ([id_notificacion], [id_usuario], [tipo], [titulo], [mensaje], [leida], [id_referencia], [tipo_referencia], [metadata], [creado_en]) VALUES
	(1, 3, 'cierre_sprint', 'Bienvenido a Capacity', 'Registra tus actividades diarias. El sprint activo cierra próximamente.', 1, NULL, NULL, NULL, '2026-04-01 15:24:19'),
	(2, 2, 'cierre_sprint', 'Bienvenido a Capacity', 'Revisa y aprueba las actividades de tu equipo en el módulo Aprobaciones.', 1, NULL, NULL, NULL, '2026-04-01 15:24:19'),
	(3, 3, 'aprobacion', '✅ Jornada aprobada', 'Tu jornada del 2026-04-01 fue aprobada por Luis Ribón.', 1, 1, 'registro_dia', NULL, '2026-04-01 23:44:50'),
	(4, 2, 'nuevo_registro', '📋 Nueva jornada para revisar', 'Laura Martínez finalizó la jornada del 2026-03-30. Pendiente de tu aprobación.', 0, 5, 'registro_dia', NULL, '2026-04-01 23:45:48'),
	(5, 2, 'nuevo_registro', '📋 Nueva jornada para revisar', 'Laura Martínez finalizó la jornada del 2026-03-31. Pendiente de tu aprobación.', 0, 4, 'registro_dia', NULL, '2026-04-01 23:47:46'),
	(6, 3, 'rechazo', '⚠️ Jornada rechazada', 'Tu jornada del 2026-03-30 fue rechazada por Luis Ribón. Motivo: Prueba', 1, 5, 'registro_dia', NULL, '2026-04-01 23:55:57'),
	(7, 3, 'aprobacion', '✅ Jornada aprobada', 'Tu jornada del 2026-03-31 fue aprobada por Luis Ribón.', 1, 4, 'registro_dia', NULL, '2026-04-01 23:56:06'),
	(8, 2, 'correccion', '🔄 Jornada corregida', 'Laura Martínez corrigió y reenvió la jornada del 2026-03-30. Pendiente de tu aprobación.', 0, 5, 'registro_dia', NULL, '2026-04-02 00:53:28'),
	(9, 2, 'nuevo_registro', '📋 Nueva jornada para revisar', 'Laura Martínez finalizó la jornada del 2026-04-02. Pendiente de tu aprobación.', 0, 2, 'registro_dia', NULL, '2026-04-02 00:53:36'),
	(10, 3, 'aprobacion', '✅ Jornada aprobada', 'Tu jornada del 2026-03-30 fue aprobada por Luis Ribón.', 0, 5, 'registro_dia', NULL, '2026-04-02 00:55:49'),
	(11, 3, 'aprobacion', '✅ Jornada aprobada', 'Tu jornada del 2026-04-02 fue aprobada por Luis Ribón.', 0, 2, 'registro_dia', NULL, '2026-04-02 00:55:50'),
	(12, 1, 'nuevo_registro', '📋 Nueva jornada para revisar', 'Luis Ribón finalizó la jornada del 2026-04-02. Pendiente de tu aprobación.', 0, 7, 'registro_dia', NULL, '2026-04-02 00:56:09'),
	(13, 2, 'nuevo_registro', '📋 Nueva jornada para revisar', 'Laura Martínez finalizó la jornada del 2026-04-03. Pendiente de tu aprobación.', 0, 6, 'registro_dia', NULL, '2026-04-02 02:10:37'),
	(14, 3, 'rechazo', '⚠️ Jornada rechazada', 'Tu jornada del 2026-04-03 fue rechazada por Luis Ribón. Motivo: prueba 2', 0, 6, 'registro_dia', NULL, '2026-04-02 02:11:10'),
	(15, 3, 'reabiertura', '🔓 Período habilitado', 'Tu jornada del 2026-03-31 fue habilitada para edición.', 0, 4, 'registro_dia', NULL, '2026-04-07 18:31:09'),
	(16, 3, 'reabiertura', '🔓 Período habilitado para registro', 'Tu jornada del 2026-04-23 fue habilitada. Puedes ingresar actividades.', 0, 10, 'registro_dia', NULL, '2026-04-07 18:46:56'),
	(17, 3, 'asignacion_proy', '📁 Asignado a proyecto', 'Fuiste asignado al proyecto "Dashboard BI Corporativo".', 0, 7, 'proyecto', NULL, '2026-04-07 18:50:42'),
	(18, 3, 'asignacion_proy', '📁 Asignado a proyecto', 'Fuiste asignado al proyecto "Continuidad DR Site".', 0, 2, 'proyecto', NULL, '2026-04-07 21:02:00'),
	(19, 3, 'asignacion_proy', '📁 Asignado a proyecto', 'Fuiste asignado al proyecto "Continuidad DR Site".', 0, 2, 'proyecto', NULL, '2026-04-07 21:09:58'),
	(20, 3, 'asignacion_proy', '📁 Asignado a proyecto', 'Fuiste asignado al proyecto "Dashboard BI Corporativo".', 0, 7, 'proyecto', NULL, '2026-04-07 21:10:06'),
	(21, 3, 'asignacion_proy', '📁 Asignado a proyecto', 'Fuiste asignado al proyecto "Migracion Core Bancario".', 0, 1, 'proyecto', NULL, '2026-04-07 21:10:10'),
	(22, 3, 'asignacion_proy', '📁 Asignado a proyecto', 'Fuiste asignado al proyecto "Dashboard BI Corporativo".', 0, 7, 'proyecto', NULL, '2026-04-07 21:42:54'),
	(23, 3, 'asignacion_proy', '📁 Asignado a proyecto', 'Fuiste asignado al proyecto "prueba". Ya puedes registrar actividades relacionadas.', 0, 9, 'proyecto', NULL, '2026-04-07 22:32:49'),
	(24, 3, 'asignacion_proy', '📁 Asignado a proyecto', 'Fuiste asignado al proyecto "Continuidad DR Site". Ya puedes registrar actividades relacionadas.', 0, 2, 'proyecto', NULL, '2026-04-07 22:34:49'),
	(25, 3, 'asignacion_proy', '📁 Asignado a proyecto', 'Fuiste asignado al proyecto "Portal Autoservicio IT". Ya puedes registrar actividades relacionadas.', 0, 4, 'proyecto', NULL, '2026-04-07 22:37:15'),
	(26, 3, 'asignacion_proy', '📁 Asignado a proyecto', 'Fuiste asignado al proyecto "Portal E-commerce". Ya puedes registrar actividades relacionadas.', 0, 6, 'proyecto', NULL, '2026-04-07 22:37:29'),
	(27, 3, 'desasignacion_proy', '📋 Retirado de proyecto', 'Fuiste retirado del proyecto "Portal Autoservicio IT".', 0, 4, 'proyecto', NULL, '2026-04-07 22:38:31'),
	(28, 3, 'desasignacion_proy', '📋 Retirado de proyecto', 'Fuiste retirado del proyecto "Portal E-commerce".', 0, 6, 'proyecto', NULL, '2026-04-08 15:02:00');

-- Volcando datos para la tabla capacity_db.oficinas_proyecto: ~3 rows (aproximadamente)
INSERT INTO [oficinas_proyecto] ([id_oficina], [nombre], [descripcion], [color], [activo]) VALUES
	(1, 'OPERIT', 'Oficina de Proyectos de Operaciones TI', '#3E5D9D', 1),
	(2, 'PMO', 'Project Management Office Corporativo', '#30693B', 1),
	(3, 'Proyectos TI', 'Proyectos de Tecnologia e Infraestructura', '#D65830', 1);

-- Volcando datos para la tabla capacity_db.oficios: ~828 rows (aproximadamente)
INSERT INTO [oficios] ([id_oficio], [OFICIO], [NOM_OFICIO]) VALUES
	(1, 10346020014000, 'ABOGADO(A) JUNIOR'),
	(2, 10245920014000, 'ABOGADO(A) SENIOR'),
	(3, 10427120029076, 'ALMACENISTA'),
	(4, 10427120010000, 'ALMACENISTA'),
	(5, 10315020009000, 'ANALISTA MESA DE AYUDA'),
	(6, 10529020022000, 'APRENDIZ SENA'),
	(7, 10529040001000, 'APRENDIZ SENA'),
	(8, 10529020006000, 'APRENDIZ SENA'),
	(9, 10529020010020, 'APRENDIZ SENA'),
	(10, 10529020032000, 'APRENDIZ SENA'),
	(11, 10529020010063, 'APRENDIZ SENA'),
	(12, 10529020010019, 'APRENDIZ SENA'),
	(13, 10529040005000, 'APRENDIZ SENA'),
	(14, 10529020010018, 'APRENDIZ SENA'),
	(15, 10529030011000, 'APRENDIZ SENA'),
	(16, 21500921004000, 'APRENDIZ SENA'),
	(17, 10529040011000, 'APRENDIZ SENA'),
	(18, 10529020007000, 'APRENDIZ SENA'),
	(19, 10529020010082, 'APRENDIZ SENA'),
	(20, 10529031002000, 'APRENDIZ SENA'),
	(21, 10529020014000, 'APRENDIZ SENA'),
	(22, 10529021012000, 'APRENDIZ SENA'),
	(23, 10529020029000, 'APRENDIZ SENA'),
	(24, 10529020009000, 'APRENDIZ SENA'),
	(25, 10529020003000, 'APRENDIZ SENA'),
	(26, 10529020028000, 'APRENDIZ SENA'),
	(27, 10529020027000, 'APRENDIZ SENA'),
	(28, 10529020020000, 'APRENDIZ SENA'),
	(29, 10529031024000, 'APRENDIZ SENA'),
	(30, 10529031048000, 'APRENDIZ SENA'),
	(31, 10529020010116, 'APRENDIZ SENA'),
	(32, 10529020024000, 'APRENDIZ SENA'),
	(33, 10218940004000, 'ARQUITECTO(A)'),
	(34, 10452740024000, 'ASESOR(A) DE VENTAS OMNICANALIDAD'),
	(35, 10427631078000, 'ASISTENTE ADMINISTRATIVO'),
	(36, 10427620023000, 'ASISTENTE ADMINISTRATIVO'),
	(37, 10427630011000, 'ASISTENTE ADMINISTRATIVO'),
	(38, 10427640008000, 'ASISTENTE ADMINISTRATIVO'),
	(39, 10327210001000, 'ASISTENTE ADMINISTRATIVO DE VICEPRESIDENCIA'),
	(40, 10327240001000, 'ASISTENTE ADMINISTRATIVO DE VICEPRESIDENCIA'),
	(41, 10320610001000, 'ASISTENTE ADMINISTRATIVO PRESIDENCIA'),
	(42, 10314020007000, 'AUDITOR(A) DE CAJAS'),
	(43, 10318431055000, 'AUDITOR(A) DE CALIDAD'),
	(44, 10318430002000, 'AUDITOR(A) DE CALIDAD'),
	(45, 10318431012000, 'AUDITOR(A) DE CALIDAD'),
	(46, 10318430012000, 'AUDITOR(A) DE CALIDAD'),
	(47, 10318431024000, 'AUDITOR(A) DE CALIDAD'),
	(48, 10318431034000, 'AUDITOR(A) DE CALIDAD'),
	(49, 10318520007000, 'AUDITOR(A) DE CARTERA'),
	(50, 10427442255000, 'AUXILIAR ADMINISTRATIVO'),
	(51, 10427442222000, 'AUXILIAR ADMINISTRATIVO'),
	(52, 10427420021000, 'AUXILIAR ADMINISTRATIVO'),
	(53, 10427442002000, 'AUXILIAR ADMINISTRATIVO'),
	(54, 10427420028000, 'AUXILIAR ADMINISTRATIVO'),
	(55, 10427431003000, 'AUXILIAR ADMINISTRATIVO'),
	(56, 10427420022000, 'AUXILIAR ADMINISTRATIVO'),
	(57, 10427421002000, 'AUXILIAR ADMINISTRATIVO'),
	(58, 10427440020000, 'AUXILIAR ADMINISTRATIVO'),
	(59, 10427421002106, 'AUXILIAR ADMINISTRATIVO'),
	(60, 10427421005000, 'AUXILIAR ADMINISTRATIVO'),
	(61, 10427421012000, 'AUXILIAR ADMINISTRATIVO'),
	(62, 10427420032000, 'AUXILIAR ADMINISTRATIVO'),
	(63, 10427420006000, 'AUXILIAR ADMINISTRATIVO'),
	(64, 18400535001000, 'AUXILIAR ADMINISTRATIVO(A)'),
	(65, 10433921001000, 'AUXILIAR DE COMERCIO INTERNACIONAL'),
	(66, 10421220003104, 'AUXILIAR DE CONTABILIDAD'),
	(67, 10421220003037, 'AUXILIAR DE CONTABILIDAD'),
	(68, 10421331055000, 'AUXILIAR DE DESPACHOS'),
	(69, 10421331017000, 'AUXILIAR DE DESPACHOS'),
	(70, 10421331014000, 'AUXILIAR DE DESPACHOS'),
	(71, 10421331024000, 'AUXILIAR DE DESPACHOS'),
	(72, 10421331032000, 'AUXILIAR DE DESPACHOS'),
	(73, 10421331034000, 'AUXILIAR DE DESPACHOS'),
	(74, 10419740008001, 'AUXILIAR DE DISEÑO'),
	(75, 10438520010000, 'AUXILIAR DE ENFERMERIA'),
	(76, 10420131024000, 'AUXILIAR DE ESTAMPACION TM'),
	(77, 10420131068000, 'AUXILIAR DE ESTAMPACION TM'),
	(78, 10429531022000, 'AUXILIAR DE ETIQUETADO'),
	(79, 10429531055000, 'AUXILIAR DE ETIQUETADO'),
	(80, 10421720020000, 'AUXILIAR DE GESTION DOCUMENTAL'),
	(81, 10427820003000, 'AUXILIAR DE INVENTARIOS'),
	(82, 10427831070000, 'AUXILIAR DE INVENTARIOS'),
	(83, 10427831022000, 'AUXILIAR DE INVENTARIOS'),
	(84, 10427831045000, 'AUXILIAR DE INVENTARIOS'),
	(85, 10427831032000, 'AUXILIAR DE INVENTARIOS'),
	(86, 10427831043000, 'AUXILIAR DE INVENTARIOS'),
	(87, 10427831068000, 'AUXILIAR DE INVENTARIOS'),
	(88, 10427821012000, 'AUXILIAR DE INVENTARIOS'),
	(89, 10427840008000, 'AUXILIAR DE INVENTARIOS'),
	(90, 10421130011000, 'AUXILIAR DE LABORATORIO'),
	(91, 10421131078000, 'AUXILIAR DE LABORATORIO'),
	(92, 10428140010061, 'AUXILIAR DE MANTENIMIENTO'),
	(93, 10428131002051, 'AUXILIAR DE MANTENIMIENTO'),
	(94, 10428131002055, 'AUXILIAR DE MANTENIMIENTO'),
	(95, 10428131002053, 'AUXILIAR DE MANTENIMIENTO'),
	(96, 10428131081000, 'AUXILIAR DE MANTENIMIENTO'),
	(97, 10428131082000, 'AUXILIAR DE MANTENIMIENTO'),
	(98, 10428131075000, 'AUXILIAR DE MANTENIMIENTO'),
	(99, 10428131002080, 'AUXILIAR DE MANTENIMIENTO'),
	(100, 10428131056000, 'AUXILIAR DE MANTENIMIENTO'),
	(101, 10428131002114, 'AUXILIAR DE MANTENIMIENTO'),
	(102, 10452242001000, 'AUXILIAR DE MERCADEO VISUAL'),
	(103, 10420231074000, 'AUXILIAR DE PEDRERIA TM'),
	(104, 10420231077000, 'AUXILIAR DE PEDRERIA TM'),
	(105, 10420231024000, 'AUXILIAR DE PEDRERIA TM'),
	(106, 10446131048000, 'AUXILIAR DE PLANTA'),
	(107, 10419830007000, 'AUXILIAR DE PLANTILLAS'),
	(108, 10421931068000, 'AUXILIAR DE PRODUCCION'),
	(109, 10421931043000, 'AUXILIAR DE PRODUCCION'),
	(110, 10421931060000, 'AUXILIAR DE PRODUCCION'),
	(111, 10421931021000, 'AUXILIAR DE PRODUCCION'),
	(112, 10421921012000, 'AUXILIAR DE PRODUCCION'),
	(113, 10421931051000, 'AUXILIAR DE PRODUCCION'),
	(114, 10421931063000, 'AUXILIAR DE PRODUCCION'),
	(115, 10421931074000, 'AUXILIAR DE PRODUCCION'),
	(116, 10421931017000, 'AUXILIAR DE PRODUCCION'),
	(117, 10421931071000, 'AUXILIAR DE PRODUCCION'),
	(118, 10421931034000, 'AUXILIAR DE PRODUCCION'),
	(119, 10421931064000, 'AUXILIAR DE PRODUCCION'),
	(120, 10421931022000, 'AUXILIAR DE PRODUCCION'),
	(121, 10421931045000, 'AUXILIAR DE PRODUCCION'),
	(122, 10421931032000, 'AUXILIAR DE PRODUCCION'),
	(123, 10421931031000, 'AUXILIAR DE PRODUCCION'),
	(124, 10421931014000, 'AUXILIAR DE PRODUCCION'),
	(125, 10421931055000, 'AUXILIAR DE PRODUCCION'),
	(126, 10421931066000, 'AUXILIAR DE PRODUCCION'),
	(127, 10421931048000, 'AUXILIAR DE PRODUCCION'),
	(128, 10421931070000, 'AUXILIAR DE PRODUCCION'),
	(129, 10421931012000, 'AUXILIAR DE PRODUCCION'),
	(130, 10421930013000, 'AUXILIAR DE PRODUCCION'),
	(131, 10421931069000, 'AUXILIAR DE PRODUCCION'),
	(132, 10421931028000, 'AUXILIAR DE PRODUCCION'),
	(133, 10421931024000, 'AUXILIAR DE PRODUCCION'),
	(134, 10421931025000, 'AUXILIAR DE PRODUCCION'),
	(135, 10421931065000, 'AUXILIAR DE PRODUCCION'),
	(136, 10421931067000, 'AUXILIAR DE PRODUCCION'),
	(137, 10421931019000, 'AUXILIAR DE PRODUCCION'),
	(138, 10421931077000, 'AUXILIAR DE PRODUCCION'),
	(139, 10421931079000, 'AUXILIAR DE PRODUCCION'),
	(140, 10456540001000, 'AUXILIAR DE PRODUCTO'),
	(141, 10421020010081, 'AUXILIAR DE RECURSOS HUMANOS'),
	(142, 10421020010065, 'AUXILIAR DE RECURSOS HUMANOS'),
	(143, 10421020010018, 'AUXILIAR DE RECURSOS HUMANOS'),
	(144, 10421020010019, 'AUXILIAR DE RECURSOS HUMANOS'),
	(145, 10447440005102, 'AUXILIAR DE SERVICIO AL CLIENTE'),
	(146, 18400335001000, 'AUXILIAR DE SERVICIOS GENERALES'),
	(147, 10420320006114, 'AUXILIAR DE SERVICIOS GENERALES'),
	(148, 10420320006000, 'AUXILIAR DE SERVICIOS GENERALES'),
	(149, 10447931064000, 'AUXILIAR DE TENDIDO'),
	(150, 10447931065000, 'AUXILIAR DE TENDIDO'),
	(151, 10447931063000, 'AUXILIAR DE TENDIDO'),
	(152, 10420421019000, 'AUXILIAR DE TRANSPORTES'),
	(153, 10420421002000, 'AUXILIAR DE TRANSPORTES'),
	(154, 10420421017000, 'AUXILIAR DE TRANSPORTES'),
	(155, 10422142222000, 'AUXILIAR DE VENTAS'),
	(156, 10422140006000, 'AUXILIAR DE VENTAS'),
	(157, 10419631022000, 'AUXILIAR DYNAMICS'),
	(158, 10419631063000, 'AUXILIAR DYNAMICS'),
	(159, 10419631014000, 'AUXILIAR DYNAMICS'),
	(160, 10419631065000, 'AUXILIAR DYNAMICS'),
	(161, 10419631024000, 'AUXILIAR DYNAMICS'),
	(162, 10419631061000, 'AUXILIAR DYNAMICS'),
	(163, 10419631064000, 'AUXILIAR DYNAMICS'),
	(164, 10419631060000, 'AUXILIAR DYNAMICS'),
	(165, 10419631068000, 'AUXILIAR DYNAMICS'),
	(166, 10419631021000, 'AUXILIAR DYNAMICS'),
	(167, 10419631028000, 'AUXILIAR DYNAMICS'),
	(168, 10419631007000, 'AUXILIAR DYNAMICS'),
	(169, 10419631006000, 'AUXILIAR DYNAMICS'),
	(170, 10419631074000, 'AUXILIAR DYNAMICS'),
	(171, 10419631034000, 'AUXILIAR DYNAMICS'),
	(172, 10419631012000, 'AUXILIAR DYNAMICS'),
	(173, 10419631025000, 'AUXILIAR DYNAMICS'),
	(174, 10419631062000, 'AUXILIAR DYNAMICS'),
	(175, 10419630021000, 'AUXILIAR DYNAMICS'),
	(176, 10419630013000, 'AUXILIAR DYNAMICS'),
	(177, 10419631070000, 'AUXILIAR DYNAMICS'),
	(178, 10419631048000, 'AUXILIAR DYNAMICS'),
	(179, 10419631013000, 'AUXILIAR DYNAMICS'),
	(180, 10420720014039, 'AUXILIAR JURIDICA'),
	(181, 18400435001000, 'AUXILIAR PEDAGÓGICA'),
	(182, 21401021004000, 'AUXILIAR PICIZ'),
	(183, 10444920023000, 'AUXILIAR TECNICO DE SISTEMAS DE SEGURIDAD'),
	(184, 10422031021000, 'AUXILIAR TEXTIL'),
	(185, 10422040008000, 'AUXILIAR TEXTIL'),
	(186, 10422540010000, 'CARPINTERO(A)'),
	(187, 10422540010108, 'CARPINTERO(A)'),
	(188, 10423431055000, 'CERRADOR(A) ESPECIAL II'),
	(189, 10423431014000, 'CERRADOR(A) ESPECIAL II'),
	(190, 10423430013000, 'CERRADOR(A) ESPECIAL II'),
	(191, 10232020037000, 'CIENTIFICO DE DATOS'),
	(192, 10423531024000, 'COLORISTA'),
	(193, 10346442222000, 'COMUNICADOR(A) SEO'),
	(194, 10426821002000, 'CONDUCTOR'),
	(195, 10426821019000, 'CONDUCTOR'),
	(196, 10426821017000, 'CONDUCTOR'),
	(197, 10422620011000, 'CONDUCTOR ESCOLTA'),
	(198, 18200135001000, 'COORDINADOR(A)'),
	(199, 10251342002000, 'COORDINADOR(A) ADMINISTRATIVO COMERCIAL'),
	(200, 10211431062000, 'COORDINADOR(A) BODEGA PRODUCCION'),
	(201, 10211431007000, 'COORDINADOR(A) BODEGA PRODUCCION'),
	(202, 10240730006087, 'COORDINADOR(A) DE ASEGURAMIENTO DE CALIDAD'),
	(203, 10240730012000, 'COORDINADOR(A) DE ASEGURAMIENTO DE CALIDAD'),
	(204, 10242120010000, 'COORDINADOR(A) DE ATRACCION Y SELECCION'),
	(205, 10210321012017, 'COORDINADOR(A) DE BODEGA'),
	(206, 10210321019000, 'COORDINADOR(A) DE BODEGA'),
	(207, 10210321005000, 'COORDINADOR(A) DE BODEGA'),
	(208, 10210321017000, 'COORDINADOR(A) DE BODEGA'),
	(209, 21201121004000, 'COORDINADOR(A) DE BODEGA'),
	(210, 10261520007000, 'COORDINADOR(A) DE CAJAS Y CARTERA'),
	(211, 10208020010000, 'COORDINADOR(A) DE CALIDAD DE VIDA'),
	(212, 10236840024000, 'COORDINADOR(A) DE CANALES DIGITALES'),
	(213, 10241420022000, 'COORDINADOR(A) DE COMPRAS'),
	(214, 10207920003097, 'COORDINADOR(A) DE CONTABILIDAD'),
	(215, 10207920003099, 'COORDINADOR(A) DE CONTABILIDAD'),
	(216, 10207920003032, 'COORDINADOR(A) DE CONTABILIDAD'),
	(217, 10243120010000, 'COORDINADOR(A) DE CONTRATACION'),
	(218, 10251440011000, 'COORDINADOR(A) DE DISEÑO DE TIENDAS'),
	(219, 10209340008000, 'COORDINADOR(A) DE DISEÑO GRAFICO'),
	(220, 10209440020000, 'COORDINADOR(A) DE DISEÑO Y MONTAJE'),
	(221, 10208831003000, 'COORDINADOR(A) DE ENTRENAMIENTO'),
	(222, 10207331040000, 'COORDINADOR(A) DE ESTAMPACION'),
	(223, 10207331067000, 'COORDINADOR(A) DE ESTAMPACION'),
	(224, 10238220010000, 'COORDINADOR(A) DE GESTION AMBIENTAL'),
	(225, 10207420020000, 'COORDINADOR(A) DE GESTION DOCUMENTAL'),
	(226, 10209031003000, 'COORDINADOR(A) DE INDUSTRIALIZACION Y DLLO'),
	(227, 10209131003109, 'COORDINADOR(A) DE INGENIERIA PLANTA'),
	(228, 10210621012000, 'COORDINADOR(A) DE INVENTARIOS'),
	(229, 10242940010000, 'COORDINADOR(A) DE MANTENIMIENTO'),
	(230, 10209831002080, 'COORDINADOR(A) DE MANTENIMIENTO E INNOVACION'),
	(231, 10209820029080, 'COORDINADOR(A) DE MANTENIMIENTO E INNOVACION'),
	(232, 10209831002051, 'COORDINADOR(A) DE MANTENIMIENTO E INNOVACION'),
	(233, 10209831002055, 'COORDINADOR(A) DE MANTENIMIENTO E INNOVACION'),
	(234, 10209831056000, 'COORDINADOR(A) DE MANTENIMIENTO E INNOVACION'),
	(235, 10211242001000, 'COORDINADOR(A) DE MERCADEO VISUAL'),
	(236, 10207640011000, 'COORDINADOR(A) DE MERCHANDISING Y STYLING'),
	(237, 10210420011000, 'COORDINADOR(A) DE MONITOREO'),
	(238, 10209220010000, 'COORDINADOR(A) DE NOMINA'),
	(239, 10250131019000, 'COORDINADOR(A) DE PRODUCCION'),
	(240, 10250131012000, 'COORDINADOR(A) DE PRODUCCION'),
	(241, 10250131064000, 'COORDINADOR(A) DE PRODUCCION'),
	(242, 10250131063000, 'COORDINADOR(A) DE PRODUCCION'),
	(243, 10250131034000, 'COORDINADOR(A) DE PRODUCCION'),
	(244, 10250131014000, 'COORDINADOR(A) DE PRODUCCION'),
	(245, 10250131022000, 'COORDINADOR(A) DE PRODUCCION'),
	(246, 10235231057000, 'COORDINADOR(A) DE PROGRAMACION'),
	(247, 10257830002000, 'COORDINADOR(A) DE PROGRAMACION TEXTIL'),
	(248, 10241731024000, 'COORDINADOR(A) DE PROTOTIPOS'),
	(249, 10208720024070, 'COORDINADOR(A) DE PROYECTOS'),
	(250, 10208720024071, 'COORDINADOR(A) DE PROYECTOS'),
	(251, 10208720024072, 'COORDINADOR(A) DE PROYECTOS'),
	(252, 10208740004011, 'COORDINADOR(A) DE PROYECTOS'),
	(253, 10208740004012, 'COORDINADOR(A) DE PROYECTOS'),
	(254, 10241920021093, 'COORDINADOR(A) DE RIESGOS Y CUMPLIMIENTO'),
	(255, 10210520011000, 'COORDINADOR(A) DE SEGURIDAD'),
	(256, 10207520010000, 'COORDINADOR(A) DE SEGURIDAD INDUSTRIAL'),
	(257, 10242620006000, 'COORDINADOR(A) DE SERVICIOS ADMINISTRATIVOS'),
	(258, 10209720009000, 'COORDINADOR(A) DE SOPORTE TECNICO'),
	(259, 10212131070000, 'COORDINADOR(A) DE TEJEDURIA'),
	(260, 10212131060000, 'COORDINADOR(A) DE TEJEDURIA'),
	(261, 10212131068000, 'COORDINADOR(A) DE TEJEDURIA'),
	(262, 10211131079000, 'COORDINADOR(A) DE TINTORERIA'),
	(263, 10211131021000, 'COORDINADOR(A) DE TINTORERIA'),
	(264, 10211131025000, 'COORDINADOR(A) DE TINTORERIA'),
	(265, 10210821002000, 'COORDINADOR(A) DE TRANSPORTES'),
	(266, 10246820010000, 'COORDINADOR(A) E-LEARNING'),
	(267, 10212320014040, 'COORDINADOR(A) JURIDICO'),
	(268, 10212320014039, 'COORDINADOR(A) JURIDICO'),
	(269, 10209620009000, 'COORDINADOR(A) MESA DE AYUDA'),
	(270, 10229940004000, 'COORDINADOR(A) PROYECTOS ADMON'),
	(271, 10250031024000, 'COORDINADOR(A) TECNICO DE PRODUCCION'),
	(272, 10424631071000, 'COSTURERA(O) AUTOMATA'),
	(273, 10424631014000, 'COSTURERA(O) AUTOMATA'),
	(274, 10424631013000, 'COSTURERA(O) AUTOMATA'),
	(275, 10424631043000, 'COSTURERA(O) AUTOMATA'),
	(276, 10424631046000, 'COSTURERA(O) AUTOMATA'),
	(277, 10424631032000, 'COSTURERA(O) AUTOMATA'),
	(278, 10424631017000, 'COSTURERA(O) AUTOMATA'),
	(279, 10424631012000, 'COSTURERA(O) AUTOMATA'),
	(280, 10424631055000, 'COSTURERA(O) AUTOMATA'),
	(281, 10424631022000, 'COSTURERA(O) AUTOMATA'),
	(282, 10424631045000, 'COSTURERA(O) AUTOMATA'),
	(283, 10459931014000, 'COSTURERA(O) AUTOMATA I'),
	(284, 10424731069000, 'COSTURERA(O) ESPECIAL I'),
	(285, 10424731032000, 'COSTURERA(O) ESPECIAL I'),
	(286, 10424731013000, 'COSTURERA(O) ESPECIAL I'),
	(287, 10424730021000, 'COSTURERA(O) ESPECIAL I'),
	(288, 10424731051000, 'COSTURERA(O) ESPECIAL I'),
	(289, 10424731063000, 'COSTURERA(O) ESPECIAL I'),
	(290, 10424731055000, 'COSTURERA(O) ESPECIAL I'),
	(291, 10424731070000, 'COSTURERA(O) ESPECIAL I'),
	(292, 10424731014000, 'COSTURERA(O) ESPECIAL I'),
	(293, 10424731071000, 'COSTURERA(O) ESPECIAL I'),
	(294, 10424731017000, 'COSTURERA(O) ESPECIAL I'),
	(295, 10424731022000, 'COSTURERA(O) ESPECIAL I'),
	(296, 10424731012000, 'COSTURERA(O) ESPECIAL I'),
	(297, 10424731043000, 'COSTURERA(O) ESPECIAL I'),
	(298, 10424731064000, 'COSTURERA(O) ESPECIAL I'),
	(299, 10423631014000, 'COSTURERA(O) ESPECIAL II'),
	(300, 10423631070000, 'COSTURERA(O) ESPECIAL II'),
	(301, 10423631012000, 'COSTURERA(O) ESPECIAL II'),
	(302, 10423631048000, 'COSTURERA(O) ESPECIAL II'),
	(303, 10423631055000, 'COSTURERA(O) ESPECIAL II'),
	(304, 10423631017000, 'COSTURERA(O) ESPECIAL II'),
	(305, 10423731017000, 'COSTURERA(O) ESPECIAL III'),
	(306, 10423731012000, 'COSTURERA(O) ESPECIAL III'),
	(307, 10423731055000, 'COSTURERA(O) ESPECIAL III'),
	(308, 10423731048000, 'COSTURERA(O) ESPECIAL III'),
	(309, 10423730013000, 'COSTURERA(O) ESPECIAL III'),
	(310, 10423731051000, 'COSTURERA(O) ESPECIAL III'),
	(311, 10244320037000, 'DESARROLLADOR(A) DE SOFTWARE FULL STACK'),
	(312, 10360620037000, 'DESARROLLADOR(A) DE SOFTWARE JUNIOR'),
	(313, 10339131079000, 'DESARROLLADOR(A) TEXTIL'),
	(314, 10339131068000, 'DESARROLLADOR(A) TEXTIL'),
	(315, 10313820024000, 'DIBUJANTE'),
	(316, 10426631014000, 'DIGITADOR(A)'),
	(317, 10426630006000, 'DIGITADOR(A)'),
	(318, 10426631048000, 'DIGITADOR(A)'),
	(319, 10426620029076, 'DIGITADOR(A)'),
	(320, 10426631003000, 'DIGITADOR(A)'),
	(321, 10100520023000, 'DIRECTOR(A) ADMINISTRATIVO'),
	(322, 10160043668000, 'DIRECTOR(A) COMERCIAL ADMINISTRATIVO'),
	(323, 10101520007000, 'DIRECTOR(A) DE AUDITORIA DE CAJAS Y CARTERAS'),
	(324, 10151540004000, 'DIRECTOR(A) DE DESARROLLO Y MEJORAMIENTO DE ESPACIOS COMERCIALES'),
	(325, 10158631008000, 'DIRECTOR(A) DE DIVISION TEXTIL'),
	(326, 10153940021000, 'DIRECTOR(A) DE ECOMMERCE'),
	(327, 10137630006000, 'DIRECTOR(A) DE GESTION DE CALIDAD'),
	(328, 10100721006000, 'DIRECTOR(A) DE LOGISTICA'),
	(329, 10100431008000, 'DIRECTOR(A) DE PRODUCCION'),
	(330, 10100320001000, 'DIRECTOR(A) FINANCIERO(A)'),
	(331, 10137420029000, 'DIRECTOR(A) MANTENIMIENTO E INNOVACION'),
	(332, 10137520037000, 'DIRECTOR(A) PROCESOS Y SISTEMAS DE GESTION'),
	(333, 10137320024000, 'DIRECTOR(A) PROYECTOS'),
	(334, 10158220037000, 'DIRECTOR(A) SENIOR DE EFICIENCIA OPERATIVA'),
	(335, 10157443001000, 'DIRECTOR(A) VENTAS PAISES'),
	(336, 10212240008000, 'DISEÑADOR(A) CREATIVO'),
	(337, 10213740011000, 'DISEÑADOR(A) DE MERCHANDISING'),
	(338, 10210940008001, 'DISEÑADOR(A) DE PRODUCTO 3D'),
	(339, 10210940008002, 'DISEÑADOR(A) DE PRODUCTO 3D'),
	(340, 10210940008007, 'DISEÑADOR(A) DE PRODUCTO 3D'),
	(341, 10210940008003, 'DISEÑADOR(A) DE PRODUCTO 3D'),
	(342, 10313631024000, 'DISEÑADOR(A) GRAFICO'),
	(343, 10313642001000, 'DISEÑADOR(A) GRAFICO'),
	(344, 10313631034000, 'DISEÑADOR(A) GRAFICO'),
	(345, 10313640008000, 'DISEÑADOR(A) GRAFICO'),
	(346, 10313631069000, 'DISEÑADOR(A) GRAFICO'),
	(347, 10313631040000, 'DISEÑADOR(A) GRAFICO'),
	(348, 10345440020000, 'DISEÑADOR(A) INDUSTRIAL'),
	(349, 10248140008000, 'DISEÑADOR(A) LASER'),
	(350, 10348240008000, 'DISEÑADOR(A) LASER J'),
	(351, 10423830013000, 'EMPRETINADOR(A)  ESPECIAL II'),
	(352, 10423831014000, 'EMPRETINADOR(A)  ESPECIAL II'),
	(353, 10423831055000, 'EMPRETINADOR(A)  ESPECIAL II'),
	(354, 10422720011000, 'ESCOLTA MOTORIZADO'),
	(355, 10151931008000, 'GERENTE ADMINISTRACION DE MATERIALES'),
	(356, 10230042002000, 'GERENTE COMERCIAL'),
	(357, 10158831008000, 'GERENTE DE ABASTECIMIENTO'),
	(358, 10131920037000, 'GERENTE DE ANALITICA Y CIENCIA DE DATOS'),
	(359, 10138920010000, 'GERENTE DE ARQUITECTURA ORGANIZACIONAL'),
	(360, 10136420014000, 'GERENTE DE ASUNTOS LEGALES'),
	(361, 10149220010000, 'GERENTE DE ATRACCION, SELECCION Y CONTRATACION'),
	(362, 10144830006000, 'GERENTE DE CALIDAD DE PRODUCTO'),
	(363, 10140521001000, 'GERENTE DE COMERCIO INTERNACIONAL'),
	(364, 10134720010000, 'GERENTE DE COMPENSACIONES'),
	(365, 10136320003000, 'GERENTE DE CONTABILIDAD E IMPUESTOS'),
	(366, 10134620010000, 'GERENTE DE CULTURA Y TRANSFORMACIÓN'),
	(367, 10135331002075, 'GERENTE DE MANTENIMIENTO E INNOVACION'),
	(368, 10135320029074, 'GERENTE DE MANTENIMIENTO E INNOVACION'),
	(369, 10152520009000, 'GERENTE DE OPERACIONES DE IT'),
	(370, 10133121012000, 'GERENTE DE OPERACIONES LOGISTICAS'),
	(371, 10139840008000, 'GERENTE DE PLANEACION DE  DISEÑO PRODUCTO'),
	(372, 10155920032000, 'GERENTE DE PRESUPUESTOS'),
	(373, 10102131008002, 'GERENTE DE PRODUCCION'),
	(374, 10102131008001, 'GERENTE DE PRODUCCION'),
	(375, 10102131008107, 'GERENTE DE PRODUCCION'),
	(376, 10157540008000, 'GERENTE DE PRODUCTO IMPORTADO'),
	(377, 10102520009000, 'GERENTE DE PROYECTOS'),
	(378, 10135020010000, 'GERENTE DE RESPONSABILIDAD SOCIAL EMPRESARIAL'),
	(379, 10140420021000, 'GERENTE DE RIESGOS Y CUMPLIMIENTO'),
	(380, 10153140001000, 'GERENTE ESTRATEGICO DE PRODUCTO'),
	(381, 10159043669000, 'GERENTE ESTRATEGICO DE VENTAS'),
	(382, 10159042002000, 'GERENTE ESTRATEGICO DE VENTAS'),
	(383, 10158931008000, 'GERENTE TECNICO Y DE DESARROLLO TEXTIL'),
	(384, 10257142002000, 'GESTOR COMERCIAL'),
	(385, 10236620010000, 'GESTOR DE CULTURA Y TRANSFORMACION'),
	(386, 10361020037000, 'INGENIERO(A) DE DATOS'),
	(387, 10351020037000, 'INGENIERO(A) DE DATOS JUNIOR'),
	(388, 10312720009000, 'INGENIERO(A) DE INFRAESTRUCTURA'),
	(389, 10258521016000, 'INGENIERO(A) DE LOGISTICA'),
	(390, 10260520037000, 'INGENIERO(A) DE SOLUCIONES DIGITALES'),
	(391, 10331820009000, 'INGENIERO(A) DE TELECOMUNICACIONES'),
	(392, 10260320037000, 'INGENIERO(A) MECATRONICO(A)'),
	(393, 10438420010000, 'INSPECTOR(A) AMBIENTAL'),
	(394, 10427731025000, 'INSPECTOR(A) DE CALIDAD'),
	(395, 10427731032000, 'INSPECTOR(A) DE CALIDAD'),
	(396, 10427731043000, 'INSPECTOR(A) DE CALIDAD'),
	(397, 10427731022000, 'INSPECTOR(A) DE CALIDAD'),
	(398, 10427731014000, 'INSPECTOR(A) DE CALIDAD'),
	(399, 10427731012000, 'INSPECTOR(A) DE CALIDAD'),
	(400, 10427731046000, 'INSPECTOR(A) DE CALIDAD'),
	(401, 10427731013000, 'INSPECTOR(A) DE CALIDAD'),
	(402, 10427731048000, 'INSPECTOR(A) DE CALIDAD'),
	(403, 10427730013000, 'INSPECTOR(A) DE CALIDAD'),
	(404, 10427731051000, 'INSPECTOR(A) DE CALIDAD'),
	(405, 10427731017000, 'INSPECTOR(A) DE CALIDAD'),
	(406, 10427731071000, 'INSPECTOR(A) DE CALIDAD'),
	(407, 10427731055000, 'INSPECTOR(A) DE CALIDAD'),
	(408, 10427731070000, 'INSPECTOR(A) DE CALIDAD'),
	(409, 10427730021000, 'INSPECTOR(A) DE CALIDAD'),
	(410, 10341020024000, 'INSPECTOR(A) DE INTERVENTORIA DE PROYECTOS'),
	(411, 10456320010000, 'INSPECTOR(A) DE SEGURIDAD Y SALUD EN EL TRABAJO'),
	(412, 10213031055000, 'INSTRUCTOR(A)'),
	(413, 10213031033000, 'INSTRUCTOR(A)'),
	(414, 10213031063000, 'INSTRUCTOR(A)'),
	(415, 10213031065000, 'INSTRUCTOR(A)'),
	(416, 10213031064000, 'INSTRUCTOR(A)'),
	(417, 10213031048000, 'INSTRUCTOR(A)'),
	(418, 10213031066000, 'INSTRUCTOR(A)'),
	(419, 10213031022000, 'INSTRUCTOR(A)'),
	(420, 10242020028000, 'JEFE DE ACTIVOS FIJOS'),
	(421, 10252031006000, 'JEFE DE ADMINISTRACION DE MATERIALES'),
	(422, 10204040004000, 'JEFE DE ARQUITECTURA'),
	(423, 10259220037000, 'JEFE DE ARQUITECTURA EMPRESARIAL'),
	(424, 10256820010000, 'JEFE DE ATRACCION, SELECCION Y CONTRATACION'),
	(425, 10261120037000, 'JEFE DE AUTOMATIZACION DE PROCESOS'),
	(426, 10259420010000, 'JEFE DE BIENESTAR LABORAL Y CALIDAD DE VIDA'),
	(427, 10205621012000, 'JEFE DE BODEGA'),
	(428, 10205621017000, 'JEFE DE BODEGA'),
	(429, 10205621019000, 'JEFE DE BODEGA'),
	(430, 10245130012000, 'JEFE DE CALIDAD MANUFACTURA'),
	(431, 10245030006000, 'JEFE DE CALIDAD TEXTIL'),
	(432, 10234540008003, 'JEFE DE CATEGORIA'),
	(433, 10234540008001, 'JEFE DE CATEGORIA'),
	(434, 10234540008007, 'JEFE DE CATEGORIA'),
	(435, 10234540008002, 'JEFE DE CATEGORIA'),
	(436, 10234540008004, 'JEFE DE CATEGORIA'),
	(437, 10203821001000, 'JEFE DE COMERCIO INTERNACIONAL'),
	(438, 10205020022000, 'JEFE DE COMPRAS'),
	(439, 10247120010000, 'JEFE DE COMUNICACIONES CORPORATIVAS'),
	(440, 10204720003028, 'JEFE DE CONTABILIDAD'),
	(441, 10204720003097, 'JEFE DE CONTABILIDAD'),
	(442, 10243520032000, 'JEFE DE COSTOS'),
	(443, 10248520010000, 'JEFE DE CULTURA Y TRANSFORMACION'),
	(444, 10204840004000, 'JEFE DE DISEÑO ARQUITECTONICO'),
	(445, 10203340008003, 'JEFE DE DISEÑO DE PRODUCTO'),
	(446, 10203340008002, 'JEFE DE DISEÑO DE PRODUCTO'),
	(447, 10203340008004, 'JEFE DE DISEÑO DE PRODUCTO'),
	(448, 10203420010000, 'JEFE DE FORMACION Y DESARROLLO'),
	(449, 10254342222000, 'JEFE DE GROWTH CRECIMIENTO'),
	(450, 10239720003000, 'JEFE DE IMPUESTOS'),
	(451, 10231520009000, 'JEFE DE INFRAESTRUCTURA Y TELECOMUNICACIONES'),
	(452, 10205331003000, 'JEFE DE INGENIERIA'),
	(453, 10203020037000, 'JEFE DE INTELIGENCIA DE NEGOCIOS'),
	(454, 10203220014090, 'JEFE DE JURIDICA'),
	(455, 10253430011000, 'JEFE DE LABORATORIO TEXTIL E HILOS'),
	(456, 10205240004000, 'JEFE DE MANTENIMIENTO'),
	(457, 10233431056000, 'JEFE DE MANTENIMIENTO E INNOVACION'),
	(458, 10233420029076, 'JEFE DE MANTENIMIENTO E INNOVACION'),
	(459, 10233420029074, 'JEFE DE MANTENIMIENTO E INNOVACION'),
	(460, 10233431002074, 'JEFE DE MANTENIMIENTO E INNOVACION'),
	(461, 10233431002055, 'JEFE DE MANTENIMIENTO E INNOVACION'),
	(462, 10233431002051, 'JEFE DE MANTENIMIENTO E INNOVACION'),
	(463, 10202842001000, 'JEFE DE MERCADEO VISUAL'),
	(464, 10204140011000, 'JEFE DE MERCHANDISING'),
	(465, 10202920009026, 'JEFE DE NEGOCIOS Y APLICACIONES EMPRESARIALES'),
	(466, 10202920009079, 'JEFE DE NEGOCIOS Y APLICACIONES EMPRESARIALES'),
	(467, 10204520010000, 'JEFE DE NOMINA'),
	(468, 10249520010000, 'JEFE DE NOVEDADES Y SERVICIO'),
	(469, 10254620037000, 'JEFE DE PROCESOS Y SISTEMAS DE GESTION'),
	(470, 10250331022000, 'JEFE DE PRODUCCION'),
	(471, 10250331063000, 'JEFE DE PRODUCCION'),
	(472, 10250331024000, 'JEFE DE PRODUCCION'),
	(473, 10250331014000, 'JEFE DE PRODUCCION'),
	(474, 10250331012000, 'JEFE DE PRODUCCION'),
	(475, 10250331013000, 'JEFE DE PRODUCCION'),
	(476, 10254242222000, 'JEFE DE PRODUCTO DE CANALES DIGITALES'),
	(477, 10256031057000, 'JEFE DE PROGRAMACION DE PRODUCCION Y MAQUILAS'),
	(478, 10232420024071, 'JEFE DE PROYECTOS'),
	(479, 10232420024070, 'JEFE DE PROYECTOS'),
	(480, 10232420024072, 'JEFE DE PROYECTOS'),
	(481, 10242220009000, 'JEFE DE PROYECTOS TECNOLOGICOS'),
	(482, 10253220009000, 'JEFE DE PROYECTOS TECNOLOGICOS SENIOR'),
	(483, 10243920010000, 'JEFE DE RESPONSABILIDAD SOCIAL EMPRESARIAL'),
	(484, 10253530021000, 'JEFE DE REVISION DE TELA'),
	(485, 10205520011000, 'JEFE DE SEGURIDAD'),
	(486, 10250820009000, 'JEFE DE SEGURIDAD INFORMATICA'),
	(487, 10256220010000, 'JEFE DE SEGURIDAD Y SALUD EN EL TRABAJO'),
	(488, 10204640005102, 'JEFE DE SERVICIO AL CLIENTE'),
	(489, 10231620009000, 'JEFE DE SERVICIO AL USUARIO'),
	(490, 10204320006000, 'JEFE DE SERVICIOS ADMINISTRATIVOS Y DE FACTURACION'),
	(491, 10250531068000, 'JEFE DE TEJEDURIA'),
	(492, 10205120002000, 'JEFE DE TESORERIA'),
	(493, 10250431021000, 'JEFE DE TINTORERIA'),
	(494, 10233721002000, 'JEFE DE TRANSPORTES'),
	(495, 10204240020000, 'JEFE DE VISUAL RETAIL'),
	(496, 10252431033000, 'JEFE TECNICO DE PRODUCCION'),
	(497, 10261320009000, 'JEFE TECNICO(A) DE PROYECTOS DE TI'),
	(498, 10249741001000, 'LIDER COMERCIAL'),
	(499, 10219520003028, 'LIDER CONTABLE'),
	(500, 10214131062000, 'LIDER DE BODEGA'),
	(501, 10214131083000, 'LIDER DE BODEGA'),
	(502, 10214131006000, 'LIDER DE BODEGA'),
	(503, 10214121012000, 'LIDER DE BODEGA'),
	(504, 10214131061000, 'LIDER DE BODEGA'),
	(505, 10214121019000, 'LIDER DE BODEGA'),
	(506, 10214121017000, 'LIDER DE BODEGA'),
	(507, 10357642002000, 'LIDER DE CAJAS'),
	(508, 10246740024000, 'LIDER DE CANALES DIGITALES'),
	(509, 10246742222000, 'LIDER DE CANALES DIGITALES'),
	(510, 10246742230000, 'LIDER DE CANALES DIGITALES'),
	(511, 10246742255000, 'LIDER DE CANALES DIGITALES'),
	(512, 10244120032000, 'LIDER DE COSTOS'),
	(513, 10258331007000, 'LIDER DE ELIAR'),
	(514, 10254020003000, 'LIDER DE FACTURACION'),
	(515, 10246920002000, 'LIDER DE GESTION DE PAGOS'),
	(516, 10247020002000, 'LIDER DE GESTION FINANCIERA'),
	(517, 10249831003000, 'LIDER DE INGENIERIA E INNOVACION'),
	(518, 10242720003000, 'LIDER DE INVENTARIOS'),
	(519, 10241331012000, 'LIDER DE MONTAJES'),
	(520, 10241331014000, 'LIDER DE MONTAJES'),
	(521, 10241331024000, 'LIDER DE MONTAJES'),
	(522, 10241331017000, 'LIDER DE MONTAJES'),
	(523, 10253820009000, 'LIDER DE PROCESOS ITIL Y GOBIERNO DE IT'),
	(524, 10251220027000, 'LIDER DE RADICACION'),
	(525, 10243220010000, 'LIDER DE SERVICIO Y NOVEDADES'),
	(526, 10214540011000, 'LIDER DE STYLING'),
	(527, 10257030012000, 'LIDER TECNICO DE CALIDAD'),
	(528, 10257030006000, 'LIDER TECNICO DE CALIDAD'),
	(529, 18400635001000, 'MANIPULADOR(A) DE ALIMENTOS'),
	(530, 10426920006000, 'MENSAJERO(A)'),
	(531, 10424531021000, 'MONTACARGUISTA'),
	(532, 10424531008000, 'MONTACARGUISTA'),
	(533, 10424531062000, 'MONTACARGUISTA'),
	(534, 10424531014000, 'MONTACARGUISTA'),
	(535, 10424521005000, 'MONTACARGUISTA'),
	(536, 10424521012000, 'MONTACARGUISTA'),
	(537, 10424521019000, 'MONTACARGUISTA'),
	(538, 10424521017000, 'MONTACARGUISTA'),
	(539, 10424531061000, 'MONTACARGUISTA'),
	(540, 21401421004000, 'MONTACARGUISTA'),
	(541, 10426720011000, 'OPERADOR(A) DE MONITOREO'),
	(542, 10425231028000, 'OPERARIO(A) AEROGRAFO TM'),
	(543, 10426431066000, 'OPERARIO(A) BORDADOS AUTOMATA'),
	(544, 10426431076000, 'OPERARIO(A) BORDADOS AUTOMATA'),
	(545, 10426431034000, 'OPERARIO(A) BORDADOS AUTOMATA'),
	(546, 10425331069000, 'OPERARIO(A) CALANDRA ESPECIAL II'),
	(547, 10428221012000, 'OPERARIO(A) CIRCULAR ESPECIAL II'),
	(548, 10428231060000, 'OPERARIO(A) CIRCULAR ESPECIAL II'),
	(549, 10446631068000, 'OPERARIO(A) CIRCULAR ESPECIAL II MEDIAS'),
	(550, 10423931063000, 'OPERARIO(A) CORTADOR(A) ESPECIAL III'),
	(551, 10423931064000, 'OPERARIO(A) CORTADOR(A) ESPECIAL III'),
	(552, 10423931065000, 'OPERARIO(A) CORTADOR(A) ESPECIAL III'),
	(553, 10423930013000, 'OPERARIO(A) CORTADOR(A) ESPECIAL III'),
	(554, 10425131021000, 'OPERARIO(A) DE ABRIDOR ESPECIAL I'),
	(555, 10426531006000, 'OPERARIO(A) DE BODEGA'),
	(556, 21400821004000, 'OPERARIO(A) DE BODEGA'),
	(557, 10426540005000, 'OPERARIO(A) DE BODEGA'),
	(558, 10426531007000, 'OPERARIO(A) DE BODEGA'),
	(559, 10426531083000, 'OPERARIO(A) DE BODEGA'),
	(560, 10426530021000, 'OPERARIO(A) DE BODEGA'),
	(561, 10426521012000, 'OPERARIO(A) DE BODEGA'),
	(562, 10426521005000, 'OPERARIO(A) DE BODEGA'),
	(563, 10426521019000, 'OPERARIO(A) DE BODEGA'),
	(564, 10426521017000, 'OPERARIO(A) DE BODEGA'),
	(565, 10426531062000, 'OPERARIO(A) DE BODEGA'),
	(566, 10449331021000, 'OPERARIO(A) DE CHAMUSCADORA ESPECIAL II'),
	(567, 10425421012000, 'OPERARIO(A) DE ENCONADO ESPECIAL I'),
	(568, 10461431019000, 'OPERARIO(A) DE OZONO ESPECIAL II'),
	(569, 10425921012000, 'OPERARIO(A) DE TRABAJO MANUAL'),
	(570, 10425431025000, 'OPERARIO(A) ENCONADO ESPECIAL I'),
	(571, 10426131040000, 'OPERARIO(A) ESTAMPACION DIGITAL II'),
	(572, 10424131024000, 'OPERARIO(A) ESTAMPACION ESPECIAL II'),
	(573, 10424131031000, 'OPERARIO(A) ESTAMPACION ESPECIAL II'),
	(574, 10424131077000, 'OPERARIO(A) ESTAMPACION ESPECIAL II'),
	(575, 10446231067000, 'OPERARIO(A) ESTAMPACION ROTATIVA ESPECIAL II'),
	(576, 10424231019000, 'OPERARIO(A) LAVANDERIA ESPECIAL III'),
	(577, 10424230011000, 'OPERARIO(A) LAVANDERIA ESPECIAL III'),
	(578, 10425531021000, 'OPERARIO(A) PERCHA ESPECIAL I'),
	(579, 10425521012000, 'OPERARIO(A) PERCHA ESPECIAL I'),
	(580, 10424931060000, 'OPERARIO(A) PLEGADORA ESPECIAL I'),
	(581, 10448931067000, 'OPERARIO(A) PREPARACION  DE CILINDROS'),
	(582, 10424031021000, 'OPERARIO(A) RAMA ESPECIAL II'),
	(583, 10424031079000, 'OPERARIO(A) RAMA ESPECIAL II'),
	(584, 10425631079000, 'OPERARIO(A) RAMETA ESPECIAL II'),
	(585, 10425731070000, 'OPERARIO(A) RECTILINEA ESPECIAL II'),
	(586, 10425731073000, 'OPERARIO(A) RECTILINEA ESPECIAL II'),
	(587, 10449031067000, 'OPERARIO(A) RECUPERACION CILINDROS'),
	(588, 10426331019000, 'OPERARIO(A) SECADOR ESPECIAL II'),
	(589, 10426321012000, 'OPERARIO(A) SECADOR ESPECIAL II'),
	(590, 10425831069000, 'OPERARIO(A) SUBLIMACION ESPECIAL I'),
	(591, 10426231065000, 'OPERARIO(A) TENDIDO - ESPECIAL I'),
	(592, 10426231063000, 'OPERARIO(A) TENDIDO - ESPECIAL I'),
	(593, 10426231064000, 'OPERARIO(A) TENDIDO - ESPECIAL I'),
	(594, 10425031021000, 'OPERARIO(A) TINTORERIA ESPECIAL II'),
	(595, 10425031079000, 'OPERARIO(A) TINTORERIA ESPECIAL II'),
	(596, 10425021012000, 'OPERARIO(A) TINTORERIA ESPECIAL II'),
	(597, 10425031025000, 'OPERARIO(A) TINTORERIA ESPECIAL II'),
	(598, 10425931034000, 'OPERARIO(A) TRABAJO MANUAL'),
	(599, 10425931051000, 'OPERARIO(A) TRABAJO MANUAL'),
	(600, 10425931068000, 'OPERARIO(A) TRABAJO MANUAL'),
	(601, 10425931043000, 'OPERARIO(A) TRABAJO MANUAL'),
	(602, 10425931069000, 'OPERARIO(A) TRABAJO MANUAL'),
	(603, 10425931063000, 'OPERARIO(A) TRABAJO MANUAL'),
	(604, 10425931045000, 'OPERARIO(A) TRABAJO MANUAL'),
	(605, 10425931055000, 'OPERARIO(A) TRABAJO MANUAL'),
	(606, 10425931032000, 'OPERARIO(A) TRABAJO MANUAL'),
	(607, 10425931046000, 'OPERARIO(A) TRABAJO MANUAL'),
	(608, 10425931071000, 'OPERARIO(A) TRABAJO MANUAL'),
	(609, 10425931048000, 'OPERARIO(A) TRABAJO MANUAL'),
	(610, 10425931073000, 'OPERARIO(A) TRABAJO MANUAL'),
	(611, 10425931070000, 'OPERARIO(A) TRABAJO MANUAL'),
	(612, 10425931066000, 'OPERARIO(A) TRABAJO MANUAL'),
	(613, 10425930013000, 'OPERARIO(A) TRABAJO MANUAL'),
	(614, 10425931026000, 'OPERARIO(A) TRABAJO MANUAL'),
	(615, 10425931017000, 'OPERARIO(A) TRABAJO MANUAL'),
	(616, 10425931064000, 'OPERARIO(A) TRABAJO MANUAL'),
	(617, 10425931014000, 'OPERARIO(A) TRABAJO MANUAL'),
	(618, 10425931022000, 'OPERARIO(A) TRABAJO MANUAL'),
	(619, 10425931065000, 'OPERARIO(A) TRABAJO MANUAL'),
	(620, 10425931024000, 'OPERARIO(A) TRABAJO MANUAL'),
	(621, 10425931028000, 'OPERARIO(A) TRABAJO MANUAL'),
	(622, 10425931012000, 'OPERARIO(A) TRABAJO MANUAL'),
	(623, 10248030007002, 'PATRONISTA 3D'),
	(624, 10248030007003, 'PATRONISTA 3D'),
	(625, 10312930007001, 'PATRONISTA II'),
	(626, 10312930007003, 'PATRONISTA II'),
	(627, 10207030007004, 'PATRONISTA III'),
	(628, 10207030007001, 'PATRONISTA III'),
	(629, 10207030007002, 'PATRONISTA III'),
	(630, 10207030007003, 'PATRONISTA III'),
	(631, 10207230007001, 'PATRONISTA IV'),
	(632, 10216721019000, 'PLANEADOR DE OPERACIONES LOGISTICAS'),
	(633, 10216721017000, 'PLANEADOR DE OPERACIONES LOGISTICAS'),
	(634, 10216721012000, 'PLANEADOR DE OPERACIONES LOGISTICAS'),
	(635, 10212440008004, 'PLANNER'),
	(636, 10212440008001, 'PLANNER'),
	(637, 10212440008003, 'PLANNER'),
	(638, 10212440008002, 'PLANNER'),
	(639, 10212440008007, 'PLANNER'),
	(640, 10256940008002, 'PLANNER TEXTIL Y DE INSUMOS'),
	(641, 10256940008001, 'PLANNER TEXTIL Y DE INSUMOS'),
	(642, 10256940008003, 'PLANNER TEXTIL Y DE INSUMOS'),
	(643, 10531030011000, 'PRACTICANTE UNIVERSITARIO'),
	(644, 10531031002051, 'PRACTICANTE UNIVERSITARIO'),
	(645, 10531031033000, 'PRACTICANTE UNIVERSITARIO'),
	(646, 10531031007000, 'PRACTICANTE UNIVERSITARIO'),
	(647, 10531020003000, 'PRACTICANTE UNIVERSITARIO'),
	(648, 10531020028000, 'PRACTICANTE UNIVERSITARIO'),
	(649, 10531031029000, 'PRACTICANTE UNIVERSITARIO'),
	(650, 10531031056000, 'PRACTICANTE UNIVERSITARIO'),
	(651, 10531040011000, 'PRACTICANTE UNIVERSITARIO'),
	(652, 10531031003095, 'PRACTICANTE UNIVERSITARIO'),
	(653, 10531020029076, 'PRACTICANTE UNIVERSITARIO'),
	(654, 10531020006000, 'PRACTICANTE UNIVERSITARIO'),
	(655, 10531020010019, 'PRACTICANTE UNIVERSITARIO'),
	(656, 10531020010020, 'PRACTICANTE UNIVERSITARIO'),
	(657, 10531040020000, 'PRACTICANTE UNIVERSITARIO'),
	(658, 10531040004000, 'PRACTICANTE UNIVERSITARIO'),
	(659, 10424331046000, 'PRENSISTA ESPECIAL II'),
	(660, 10424331055000, 'PRENSISTA ESPECIAL II'),
	(661, 10424331017000, 'PRENSISTA ESPECIAL II'),
	(662, 10424331045000, 'PRENSISTA ESPECIAL II'),
	(663, 10100000000000, 'PRESIDENTE'),
	(664, 10360420014000, 'PROFESIONAL ADMINISTRATIVO'),
	(665, 10345542002000, 'PROFESIONAL COMERCIAL I'),
	(666, 10332642002000, 'PROFESIONAL COMERCIAL II'),
	(667, 10318120028000, 'PROFESIONAL DE ACTIVOS FIJOS'),
	(668, 10338820010000, 'PROFESIONAL DE ARQUITECTURA ORGANIZACIONAL'),
	(669, 10316920010000, 'PROFESIONAL DE ATRACCION Y SELECCION'),
	(670, 10317830012000, 'PROFESIONAL DE CALIDAD'),
	(671, 10317920010000, 'PROFESIONAL DE CALIDAD DE VIDA'),
	(672, 10317121001000, 'PROFESIONAL DE COMERCIO INTERNACIONAL'),
	(673, 10317620022000, 'PROFESIONAL DE COMPRAS'),
	(674, 10317640008007, 'PROFESIONAL DE COMPRAS'),
	(675, 10347220010000, 'PROFESIONAL DE COMUNICACIONES CORPORATIVAS'),
	(676, 10335120029076, 'PROFESIONAL DE CONFIABILIDAD'),
	(677, 10317520003036, 'PROFESIONAL DE CONTABILIDAD'),
	(678, 10317520003035, 'PROFESIONAL DE CONTABILIDAD'),
	(679, 10317520003033, 'PROFESIONAL DE CONTABILIDAD'),
	(680, 10317520003046, 'PROFESIONAL DE CONTABILIDAD'),
	(681, 10317520003037, 'PROFESIONAL DE CONTABILIDAD'),
	(682, 10317521001000, 'PROFESIONAL DE CONTABILIDAD'),
	(683, 10356620010000, 'PROFESIONAL DE CONTRATACION'),
	(684, 10329131079000, 'PROFESIONAL DE COSTOS'),
	(685, 10329131033000, 'PROFESIONAL DE COSTOS'),
	(686, 10329120032000, 'PROFESIONAL DE COSTOS'),
	(687, 10329140008003, 'PROFESIONAL DE COSTOS'),
	(688, 10339440008001, 'PROFESIONAL DE CREACION DE PRODUCTO'),
	(689, 10339440008004, 'PROFESIONAL DE CREACION DE PRODUCTO'),
	(690, 10358420010000, 'PROFESIONAL DE CULTURA Y TRANSFORMACION'),
	(691, 10319420021088, 'PROFESIONAL DE CUMPLIMIENTO'),
	(692, 10345620037000, 'PROFESIONAL DE DATOS JUNIOR'),
	(693, 10344620037000, 'PROFESIONAL DE DATOS SENIOR'),
	(694, 10317340008001, 'PROFESIONAL DE DISEÑO'),
	(695, 10342520003000, 'PROFESIONAL DE FACTURACION'),
	(696, 10342520027000, 'PROFESIONAL DE FACTURACION'),
	(697, 10317020010000, 'PROFESIONAL DE FORMACION Y DESARROLLO'),
	(698, 10317720003000, 'PROFESIONAL DE IMPUESTOS'),
	(699, 10316631003000, 'PROFESIONAL DE INDUSTRIALIZACION'),
	(700, 10316531003000, 'PROFESIONAL DE INGENIERIA'),
	(701, 10316420003000, 'PROFESIONAL DE INVENTARIOS'),
	(702, 10316320014040, 'PROFESIONAL DE JURIDICA'),
	(703, 10316320014039, 'PROFESIONAL DE JURIDICA'),
	(704, 10316230011000, 'PROFESIONAL DE LABORATORIO'),
	(705, 10316231078000, 'PROFESIONAL DE LABORATORIO'),
	(706, 10316231029000, 'PROFESIONAL DE LABORATORIO'),
	(707, 10316231067000, 'PROFESIONAL DE LABORATORIO'),
	(708, 10316231033000, 'PROFESIONAL DE LABORATORIO'),
	(709, 10316120029057, 'PROFESIONAL DE MANTENIMIENTO'),
	(710, 10333042001000, 'PROFESIONAL DE MARKETING DIGITAL'),
	(711, 10338320010000, 'PROFESIONAL DE MEDICINA LABORAL'),
	(712, 10333542001000, 'PROFESIONAL DE MERCHANDISING'),
	(713, 10316020002000, 'PROFESIONAL DE MONEDA EXTRANJERA'),
	(714, 10344520009027, 'PROFESIONAL DE NEGOCIOS Y APLICACIONES EMPRESARIALES JUNIOR'),
	(715, 10344520009025, 'PROFESIONAL DE NEGOCIOS Y APLICACIONES EMPRESARIALES JUNIOR'),
	(716, 10312820009079, 'PROFESIONAL DE NEGOCIOS Y APLICACIONES EMPRESARIALES SENIOR'),
	(717, 10312820009026, 'PROFESIONAL DE NEGOCIOS Y APLICACIONES EMPRESARIALES SENIOR'),
	(718, 10312820009025, 'PROFESIONAL DE NEGOCIOS Y APLICACIONES EMPRESARIALES SENIOR'),
	(719, 10315920010000, 'PROFESIONAL DE NOMINA'),
	(720, 10318640008002, 'PROFESIONAL DE PLANEACION'),
	(721, 10318640008004, 'PROFESIONAL DE PLANEACION'),
	(722, 10318640008001, 'PROFESIONAL DE PLANEACION'),
	(723, 10318640008007, 'PROFESIONAL DE PLANEACION'),
	(724, 10318640008003, 'PROFESIONAL DE PLANEACION'),
	(725, 10318621016000, 'PROFESIONAL DE PLANEACION'),
	(726, 10356440008000, 'PROFESIONAL DE PLANEACION DE PRODUCTO'),
	(727, 10315831064000, 'PROFESIONAL DE PLANTA'),
	(728, 10315831014000, 'PROFESIONAL DE PLANTA'),
	(729, 10315831017000, 'PROFESIONAL DE PLANTA'),
	(730, 10315831012000, 'PROFESIONAL DE PLANTA'),
	(731, 10315831063000, 'PROFESIONAL DE PLANTA'),
	(732, 10315831024000, 'PROFESIONAL DE PLANTA'),
	(733, 10315831048000, 'PROFESIONAL DE PLANTA'),
	(734, 10315831024105, 'PROFESIONAL DE PLANTA'),
	(735, 10315720032000, 'PROFESIONAL DE PRESUPUESTO'),
	(736, 10337220037000, 'PROFESIONAL DE PROCESOS Y SISTEMAS DE GESTION'),
	(737, 10361720009000, 'PROFESIONAL DE PROYECTOS JUNIOR'),
	(738, 10338720010000, 'PROFESIONAL DE RESPONSABILIDAD SOCIAL EMPRESARIAL'),
	(739, 10359520010000, 'PROFESIONAL DE SEGURIDAD INDUSTRIAL'),
	(740, 10332220009000, 'PROFESIONAL DE SEGURIDAD INFORMATICA'),
	(741, 10356720010000, 'PROFESIONAL DE SEGURIDAD SOCIAL'),
	(742, 10315640005102, 'PROFESIONAL DE SERVICIO AL CLIENTE'),
	(743, 10329220010112, 'PROFESIONAL DE SERVICIO DE RECURSOS HUMANOS'),
	(744, 10329220010000, 'PROFESIONAL DE SERVICIO DE RECURSOS HUMANOS'),
	(745, 10315531006000, 'PROFESIONAL DE SUMINISTROS'),
	(746, 10315420002000, 'PROFESIONAL DE TESORERIA'),
	(747, 10315331003000, 'PROFESIONAL DE TIEMPOS'),
	(748, 10347321002000, 'PROFESIONAL DE TRANSPORTES'),
	(749, 10315140006000, 'PROFESIONAL DE VENTAS'),
	(750, 10338020010000, 'PROFESIONAL E-LEARNING'),
	(751, 10337920009000, 'PROFESIONAL ITIL'),
	(752, 10359320010000, 'PROFESIONAL SENIOR DE ARQUITECTURA ORGANIZACIONAL'),
	(753, 10358720009000, 'PROFESIONAL SENIOR DE SEGURIDAD INFORMATICA'),
	(754, 10355820037000, 'PROFESIONAL SENIOR EN ADMINISTRACION DE BASES DE DATOS'),
	(755, 10340630021000, 'PROFESIONAL TECNICO DE CALIDAD'),
	(756, 10340630006000, 'PROFESIONAL TECNICO DE CALIDAD'),
	(757, 10340630006050, 'PROFESIONAL TECNICO DE CALIDAD'),
	(758, 10313131021000, 'PROFESIONAL TEXTIL'),
	(759, 10313131060000, 'PROFESIONAL TEXTIL'),
	(760, 18300235001000, 'PROFESOR(A)'),
	(761, 10319031014000, 'PROGRAMADOR(A) DE PRODUCCION'),
	(762, 10319031017000, 'PROGRAMADOR(A) DE PRODUCCION'),
	(763, 10319031019000, 'PROGRAMADOR(A) DE PRODUCCION'),
	(764, 10319031012000, 'PROGRAMADOR(A) DE PRODUCCION'),
	(765, 10349931067000, 'PROGRAMADOR(A) TEXTIL'),
	(766, 10349931060000, 'PROGRAMADOR(A) TEXTIL'),
	(767, 10421620023000, 'RECEPCIONISTA'),
	(768, 10214820011000, 'SUPERVISOR(A) DE ESCOLTAS'),
	(769, 10245821002000, 'SUPERVISOR(A) DE MUELLE'),
	(770, 10253631070000, 'SUPERVISOR(A) DE PRODUCCION'),
	(771, 10253631019000, 'SUPERVISOR(A) DE PRODUCCION'),
	(772, 10253631051000, 'SUPERVISOR(A) DE PRODUCCION'),
	(773, 10253631028000, 'SUPERVISOR(A) DE PRODUCCION'),
	(774, 10253631045000, 'SUPERVISOR(A) DE PRODUCCION'),
	(775, 10253631012000, 'SUPERVISOR(A) DE PRODUCCION'),
	(776, 10253631034000, 'SUPERVISOR(A) DE PRODUCCION'),
	(777, 10253631048000, 'SUPERVISOR(A) DE PRODUCCION'),
	(778, 10253631071000, 'SUPERVISOR(A) DE PRODUCCION'),
	(779, 10253631043000, 'SUPERVISOR(A) DE PRODUCCION'),
	(780, 10253631017000, 'SUPERVISOR(A) DE PRODUCCION'),
	(781, 10253631077000, 'SUPERVISOR(A) DE PRODUCCION'),
	(782, 10253631022000, 'SUPERVISOR(A) DE PRODUCCION'),
	(783, 10253631055000, 'SUPERVISOR(A) DE PRODUCCION'),
	(784, 10253631032000, 'SUPERVISOR(A) DE PRODUCCION'),
	(785, 10253631024000, 'SUPERVISOR(A) DE PRODUCCION'),
	(786, 10253631014000, 'SUPERVISOR(A) DE PRODUCCION'),
	(787, 10214620011000, 'SUPERVISOR(A) DE SEGURIDAD'),
	(788, 10423131002080, 'TECNICO(A) ELECTRICISTA/ELECTRONICO'),
	(789, 10423131075000, 'TECNICO(A) ELECTRICISTA/ELECTRONICO'),
	(790, 10423131002086, 'TECNICO(A) ELECTRICISTA/ELECTRONICO'),
	(791, 10423131002114, 'TECNICO(A) ELECTRICISTA/ELECTRONICO'),
	(792, 10423131056000, 'TECNICO(A) ELECTRICISTA/ELECTRONICO'),
	(793, 10423140010061, 'TECNICO(A) ELECTRICISTA/ELECTRONICO'),
	(794, 10430531002080, 'TECNICO(A) ELECTRONICO TEXTIL'),
	(795, 10430531002055, 'TECNICO(A) ELECTRONICO TEXTIL'),
	(796, 10423031002053, 'TECNICO(A) MECANICO'),
	(797, 10423021015080, 'TECNICO(A) MECANICO'),
	(798, 10423031002051, 'TECNICO(A) MECANICO'),
	(799, 10423031002055, 'TECNICO(A) MECANICO'),
	(800, 10423031002086, 'TECNICO(A) MECANICO'),
	(801, 10423031002114, 'TECNICO(A) MECANICO'),
	(802, 10423031002080, 'TECNICO(A) MECANICO'),
	(803, 10339231002055, 'TECNICO(A) MECANICO LIDER'),
	(804, 10339231002080, 'TECNICO(A) MECANICO LIDER'),
	(805, 10339231002051, 'TECNICO(A) MECANICO LIDER'),
	(806, 10339231002114, 'TECNICO(A) MECANICO LIDER'),
	(807, 10339231075000, 'TECNICO(A) MECANICO LIDER'),
	(808, 10339231002086, 'TECNICO(A) MECANICO LIDER'),
	(809, 10439331066000, 'TECNICO(A) PROGRAMADOR'),
	(810, 10439331068000, 'TECNICO(A) PROGRAMADOR'),
	(811, 10439331070000, 'TECNICO(A) PROGRAMADOR'),
	(812, 10446531075000, 'TECNICO(A) PTAR'),
	(813, 10446531056000, 'TECNICO(A) PTAR'),
	(814, 10422931002086, 'TECNICO(A) SOLDADOR'),
	(815, 10422931002080, 'TECNICO(A) SOLDADOR'),
	(816, 10430820009000, 'TECNICO(A) SOPORTE'),
	(817, 10423231002075, 'TORNERO'),
	(818, 10424431063000, 'TRAZADOR(A)'),
	(819, 10424431065000, 'TRAZADOR(A)'),
	(820, 10424430007000, 'TRAZADOR(A)'),
	(821, 10424431064000, 'TRAZADOR(A)'),
	(822, 10155531008000, 'VICEPRESIDENTE DE ABASTECIMIENTO'),
	(823, 10155440008000, 'VICEPRESIDENTE DE PLANEACION Y DESARROLLO DE PRODUCTO'),
	(824, 10155220010000, 'VICEPRESIDENTE DE RECURSOS HUMANOS'),
	(825, 10100240001000, 'VICEPRESIDENTE SENIOR DE COMERCIAL'),
	(826, 10155120001000, 'VICEPRESIDENTE SENIOR DE FINANZAS Y ADMINISTRACIÓN'),
	(827, 10427020035000, 'VIGILANTE'),
	(828, 0, 'GERENTE DE OPERACIONES DE IT');

-- Volcando datos para la tabla capacity_db.periodos: ~4 rows (aproximadamente)
INSERT INTO [periodos] ([id_periodo], [id_sprint], [numero_semana], [fecha_inicio], [fecha_fin], [estado]) VALUES
	(1, 1, 1, '2026-03-30', '2026-04-05', 'abierto'),
	(2, 1, 2, '2026-04-06', '2026-04-12', 'abierto'),
	(3, 2, 1, '2026-04-13', '2026-04-19', 'abierto'),
	(4, 2, 2, '2026-04-20', '2026-04-26', 'abierto');

-- Volcando datos para la tabla capacity_db.programas_proyecto: ~7 rows (aproximadamente)
INSERT INTO [programas_proyecto] ([id_programa], [nombre], [descripcion]) VALUES
	(1, 'Ciberseguridad', NULL),
	(2, 'Cloud e Infraestructura', NULL),
	(3, 'ERP y Aplicaciones Core', NULL),
	(4, 'Omnicanal y E-commerce', NULL),
	(5, 'Procesos ITIL', NULL),
	(6, 'Datos y Analitica', NULL),
	(7, 'Continuidad de Negocio', NULL);

-- Volcando datos para la tabla capacity_db.proyectos: ~9 rows (aproximadamente)
INSERT INTO [proyectos] ([id_proyecto], [id_oficina], [id_programa], [id_area], [id_ccosto], [id_lider], [creado_por], [nombre], [descripcion], [tipo], [tipo_proyecto], [clasificacion], [alcance_visibilidad], [estado], [avance_pct], [estado_detalle], [presupuesto_est], [costo_est_anual], [costo_ejec_anual], [observaciones], [fecha_inicio], [fecha_fin], [fecha_fin_real], [creado_en], [actualizado_en]) VALUES
	(1, 1, 2, 2, 7, NULL, NULL, 'Migracion Core Bancario', NULL, 'estrategico', 'proyecto', 'estrategico', 'oficina', 'activo', 22, 'En fase de migracion', NULL, 45000.00, 9900.00, NULL, '2026-01-05', '2026-06-26', NULL, '2026-04-01 14:52:19', '2026-04-01 14:52:19'),
	(2, 1, 7, 2, 7, NULL, NULL, 'Continuidad DR Site', NULL, 'operativo', 'core', 'continuidad_operativa', 'oficina', 'activo', 55, 'Pruebas de failover programadas', NULL, 22000.00, 12100.00, NULL, '2026-01-05', '2026-04-30', NULL, '2026-04-01 14:52:19', '2026-04-08 21:49:02'),
	(3, 2, 1, 2, 7, NULL, NULL, 'Hardening Servidores', NULL, 'estrategico', 'proyecto', 'estrategico', 'oficina', 'activo', 40, 'Analisis de vulnerabilidades', NULL, 18000.00, 7200.00, NULL, '2026-02-01', '2026-08-31', NULL, '2026-04-01 14:52:19', '2026-04-01 14:52:19'),
	(4, 3, 5, 2, 7, NULL, NULL, 'Portal Autoservicio IT', NULL, 'operativo', 'iniciativa', 'operativo', 'oficina', 'activo', 15, 'Levantamiento de requerimientos', NULL, 12000.00, 1800.00, NULL, '2026-03-01', '2026-09-30', NULL, '2026-04-01 14:52:19', '2026-04-01 14:52:19'),
	(5, 2, 3, 2, 7, NULL, NULL, 'Migracion SAP S/4HANA', NULL, 'estrategico', 'proyecto', 'estrategico', 'global', 'activo', 60, 'Configuracion modulos FI y MM', NULL, 85000.00, 51000.00, NULL, '2025-10-01', '2026-12-31', NULL, '2026-04-01 14:52:19', '2026-04-01 14:52:19'),
	(6, 3, 4, 2, 7, NULL, NULL, 'Portal E-commerce', NULL, 'estrategico', 'evolutivo', 'estrategico', 'oficina', 'activo', 35, 'Desarrollo de modulo de pagos', NULL, 30000.00, 10500.00, NULL, '2026-01-15', '2026-10-31', NULL, '2026-04-01 14:52:19', '2026-04-01 14:52:19'),
	(7, 1, 6, 2, 7, NULL, NULL, 'Dashboard BI Corporativo', NULL, 'estrategico', 'proyecto', 'estrategico', 'global', 'activo', 70, 'Integracion con fuentes de datos ERP', NULL, 25000.00, 17500.00, NULL, '2025-11-01', '2026-06-30', NULL, '2026-04-01 14:52:19', '2026-04-01 14:52:19'),
	(8, 2, 6, 2, 7, NULL, NULL, 'Integracion Datos ERP', NULL, 'operativo', 'iniciativa', 'continuidad_operativa', 'global', 'activo', 45, 'Diseno de pipelines de transformacion', NULL, 20000.00, 9000.00, NULL, '2026-02-15', '2026-11-30', NULL, '2026-04-01 14:52:19', '2026-04-01 14:52:19'),
	(9, NULL, NULL, NULL, NULL, 2, 2, 'prueba', 'aa', 'estrategico', 'iniciativa', 'estrategico', 'equipo', 'sin_iniciar', 0, NULL, NULL, NULL, NULL, NULL, '2026-04-07', '2026-04-07', NULL, '2026-04-07 21:02:16', '2026-04-07 21:02:16');

-- Volcando datos para la tabla capacity_db.registro_dia: ~20 rows (aproximadamente)
INSERT INTO [registro_dia] ([id_registro], [id_empleado], [id_sprint], [id_periodo], [fecha], [estado], [habilitado_edicion], [fecha_envio], [fecha_aprobacion], [creado_en], [actualizado_en]) VALUES
	(1, 3, 1, 1, '2026-04-01', 'aprobado', 0, '2026-04-01 23:08:19', '2026-04-01 23:44:50', '2026-04-01 23:07:16', '2026-04-01 23:44:50'),
	(2, 3, 1, 1, '2026-04-02', 'aprobado', 0, '2026-04-02 00:53:36', '2026-04-02 00:55:50', '2026-04-01 23:08:29', '2026-04-02 00:55:50'),
	(3, 2, 1, 1, '2026-04-01', 'enviado', 0, '2026-04-01 23:09:58', NULL, '2026-04-01 23:08:40', '2026-04-01 23:09:58'),
	(4, 3, 1, 1, '2026-03-31', 'aprobado', 1, '2026-04-01 23:47:46', '2026-04-01 23:56:06', '2026-04-01 23:45:04', '2026-04-07 18:31:09'),
	(5, 3, 1, 1, '2026-03-30', 'aprobado', 0, '2026-04-02 00:53:28', '2026-04-02 00:55:49', '2026-04-01 23:45:17', '2026-04-02 00:55:49'),
	(6, 3, 1, 1, '2026-04-03', 'rechazado', 1, '2026-04-02 02:10:37', NULL, '2026-04-02 00:51:47', '2026-04-02 02:11:10'),
	(7, 2, 1, 1, '2026-04-02', 'enviado', 0, '2026-04-02 00:56:09', NULL, '2026-04-02 00:56:00', '2026-04-02 00:56:09'),
	(8, 3, 1, 2, '2026-04-07', 'borrador', 0, NULL, NULL, '2026-04-07 17:52:44', '2026-04-07 21:10:24'),
	(9, 2, 1, 2, '2026-04-07', 'borrador', 0, NULL, NULL, '2026-04-07 18:22:01', '2026-04-07 18:22:01'),
	(10, 3, 2, 4, '2026-04-23', 'borrador', 1, NULL, NULL, '2026-04-07 18:46:56', '2026-04-07 18:46:56'),
	(11, 1, 1, 2, '2026-04-07', 'borrador', 0, NULL, NULL, '2026-04-07 23:05:50', '2026-04-07 23:05:50'),
	(12, 1, 1, 2, '2026-04-08', 'borrador', 0, NULL, NULL, '2026-04-08 03:11:43', '2026-04-08 03:11:43'),
	(13, 3, 1, 2, '2026-04-08', 'borrador', 0, NULL, NULL, '2026-04-08 14:59:39', '2026-04-08 14:59:39'),
	(14, 2, 1, 2, '2026-04-08', 'borrador', 0, NULL, NULL, '2026-04-08 15:00:37', '2026-04-08 15:00:37'),
	(15, 3, 1, 2, '2026-04-09', 'borrador', 0, NULL, NULL, '2026-04-09 01:34:26', '2026-04-09 17:10:33'),
	(16, 3, 1, 2, '2026-04-10', 'borrador', 0, NULL, NULL, '2026-04-09 12:18:55', '2026-04-09 12:22:02'),
	(17, 2, 1, 2, '2026-04-09', 'borrador', 0, NULL, NULL, '2026-04-09 12:25:22', '2026-04-09 12:25:22'),
	(18, 3, 1, 2, '2026-04-11', 'borrador', 0, NULL, NULL, '2026-04-09 17:11:52', '2026-04-09 17:13:01'),
	(19, 65, 1, 1, '2026-03-30', 'borrador', 0, NULL, NULL, '2026-04-22 00:44:22', '2026-04-22 01:41:29'),
	(20, 65, 1, 1, '2026-04-01', 'borrador', 0, NULL, NULL, '2026-04-22 00:45:54', '2026-04-22 00:45:54'),
	(21, 65, 1, 1, '2026-03-31', 'borrador', 0, NULL, NULL, '2026-04-22 00:45:55', '2026-04-22 00:48:09');

-- Volcando datos para la tabla capacity_db.roles: ~3 rows (aproximadamente)
INSERT INTO [roles] ([id_rol], [nombre]) VALUES
	(1, 'admin'),
	(2, 'jefe'),
	(3, 'especialista');

-- Volcando datos para la tabla capacity_db.sprints: ~2 rows (aproximadamente)
INSERT INTO [sprints] ([id_sprint], [id_ccosto], [nombre], [fecha_inicio], [fecha_fin], [estado], [creado_por], [cerrado_en], [creado_en]) VALUES
	(1, 7, 'Sprint 1', '2026-03-30', '2026-04-12', 'activo', NULL, NULL, '2026-04-01 14:52:19'),
	(2, 7, 'Sprint 2', '2026-04-13', '2026-04-26', 'planificado', NULL, NULL, '2026-04-01 14:52:19');

-- Volcando datos para la tabla capacity_db.subcategorias_actividad: ~27 rows (aproximadamente)
INSERT INTO [subcategorias_actividad] ([id_subcategoria], [id_categoria], [id_ccosto], [nombre], [modelo], [requiere_proyecto], [activo]) VALUES
	(1, 1, NULL, 'Incidentes', 'RUN', 0, 1),
	(2, 1, NULL, 'Requerimientos', 'RUN', 0, 1),
	(3, 1, NULL, 'Problemas', 'RUN', 0, 1),
	(4, 1, NULL, 'Cambios', 'RUN', 0, 1),
	(5, 1, NULL, 'Soporte tecnico', 'RUN', 0, 1),
	(6, 1, NULL, 'Monitoreo', 'RUN', 0, 1),
	(7, 1, NULL, 'Disponibilidad fuera turno', 'RUN', 0, 1),
	(8, 1, NULL, 'Administracion plataformas', 'ADMIN', 0, 1),
	(9, 2, NULL, 'Proyectos estrategicos', 'BUILD', 1, 1),
	(10, 2, NULL, 'Proyectos continuidad operativa', 'BUILD', 1, 1),
	(11, 3, NULL, 'Seguimiento / Planeacion', 'ADMIN', 0, 1),
	(12, 3, NULL, 'Comites (CAB, ECAB)', 'ADMIN', 0, 1),
	(13, 3, NULL, 'Reuniones internas', 'ADMIN', 0, 1),
	(14, 3, NULL, 'Reuniones externas', 'ADMIN', 0, 1),
	(15, 3, NULL, 'Reportes e informes', 'ADMIN', 0, 1),
	(16, 3, NULL, 'Gestion documental', 'ADMIN', 0, 1),
	(17, 3, NULL, 'Tareas administrativas', 'ADMIN', 0, 1),
	(18, 3, NULL, 'Proveedores y contratos', 'ADMIN', 0, 1),
	(19, 3, NULL, 'Compras', 'ADMIN', 0, 1),
	(20, 3, NULL, 'Auditorias', 'ADMIN', 0, 1),
	(21, 3, NULL, 'Gestion de activos', 'ADMIN', 0, 1),
	(22, 4, NULL, 'Cursos / Certificaciones', 'GROW', 0, 1),
	(23, 4, NULL, 'POCs Mejora continua', 'GROW', 0, 1),
	(24, 5, NULL, 'Vacaciones', 'OFF', 0, 1),
	(25, 5, NULL, 'Incapacidades', 'OFF', 0, 1),
	(26, 5, NULL, 'Permisos', 'OFF', 0, 1),
	(27, 5, NULL, 'Festivos', 'OFF', 0, 1);

-- Volcando datos para la tabla capacity_db.usuarios: ~80 rows (aproximadamente)
INSERT INTO [usuarios] ([id_usuario], [correo], [password_hash], [id_rol], [estado], [ultimo_acceso], [creado_en], [debe_cambiar_password]) VALUES
	(1, 'admin@permoda.com.co', '$2a$10$DianMYfBMWeualZk8hR/mO1L3ti5mN9uCT86vdXEiKXGgofD/.jx2', 1, 'activo', NULL, '2026-04-21 19:05:06', 1),
	(2, 'ernestoc@permoda.com.co', '$2a$10$arF7OxUlaRBa4kBpKAh4j.gt.3bvCpfLpmNFypQMQ1VPLco5Bc2ja', 2, 'activo', '2026-04-22 02:51:35', '2026-04-21 19:05:06', 0),
	(3, 'luisrc@permoda.com.co', '$2a$10$WmD7EYqY.IUCHmfdpSIj2eZu/hLRVQQV7z2vjiTXyAfcNTfQ37mgK', 2, 'activo', NULL, '2026-04-21 19:05:06', 1),
	(4, 'edwincv@permoda.com.co', '$2a$10$csTAx4LiKg7YK2EYi834o.UqSAyuElF.fpT0ZUw45azYnop8d9006', 2, 'activo', NULL, '2026-04-21 19:05:06', 1),
	(5, 'miguellm@permoda.com.co', '$2a$10$avAAw.qTJnRiULKGz.ZBiO8aTke0RruwCOUz0FpapjyGP6UYizUgG', 2, 'activo', NULL, '2026-04-21 19:05:06', 1),
	(6, 'juliocs@permoda.com.co', '$2a$10$nRhHwC1O9xIngU80pvRu1ud8It.Ta0BrlwjB1s8ptqNGW7baL0XiC', 2, 'activo', NULL, '2026-04-21 19:05:06', 1),
	(7, 'ivanc@permoda.com.co', '$2a$10$MMch32BER1hligOkYpzzL./S5Sv8ggP8zgTwfKxekcEjiJVv8o9Hu', 2, 'activo', NULL, '2026-04-21 19:05:06', 1),
	(8, 'jhoanhs@permoda.com.co', '$2a$10$0TmRATLNaO65G.5Q3CLnOek6wjHMxEbWR9KDJdM61RI8R.yvltsQu', 2, 'activo', NULL, '2026-04-21 19:05:06', 1),
	(9, 'rogerm@permoda.com.co', '$2a$10$wkVwXY83ZTNLS51ogzZVC.zgFfWws2gWyUE33Px6iPhkaXPQo8Nxa', 2, 'activo', '2026-04-22 02:45:44', '2026-04-21 19:05:06', 1),
	(10, 'yaida@permoda.com.co', '$2a$10$omEH6KX8bxcVGDVVYDNOjudj/.5Qwhp34CEFIuSY.cvm.UHpc0bta', 2, 'activo', NULL, '2026-04-21 19:05:06', 1),
	(11, 'williamc@permoda.com.co', '$2a$10$LCWVE.tOyZU04juzTmd6mu1wx/euJ4b1myNEirz3BCPkRGYbDHm4G', 3, 'activo', NULL, '2026-04-21 19:05:06', 1),
	(12, 'elverb@permoda.com.co', '$2a$10$jrqql7/lHOeJ5WzYG9L4JerAicBJOk0NV3XtLrT1RJHeKKr8Uutsm', 3, 'activo', NULL, '2026-04-21 19:05:06', 1),
	(13, 'mauricioct@permoda.com.co', '$2a$10$VBkY0LJ.Jevjeyw26h7DBestfZiDgVhAnUtwdA1421qpQgKhNPnjK', 3, 'activo', NULL, '2026-04-21 19:05:06', 1),
	(14, 'Diegonf@permoda.com.co', '$2a$10$Nb.nz1qnVljS.57a.APq9ue9OYP6lkkA7FqcHotE2wykvld6XEp22', 3, 'activo', NULL, '2026-04-21 19:05:06', 1),
	(15, 'cesarhl@permoda.com.co', '$2a$10$6qM86P2KdOJlVITeHAc3P.uk8yByL.DRBKQRLWENBvb2SUVg4KAGO', 3, 'activo', NULL, '2026-04-21 19:05:06', 1),
	(16, 'gabrielg@permoda.com.co', '$2a$10$2nFL0szBsnSzQXBZS3Ot5utYh4bo1VzqtvNW10ZpwLMVT86vWcrp.', 3, 'activo', NULL, '2026-04-21 19:05:06', 1),
	(17, 'emilyc@permoda.com.co', '$2a$10$lz.xnYJ8W.rL7IO6qWfA6OGcsr6ZfZrjw.DBVnE9ThAwyvnaWMunS', 3, 'activo', NULL, '2026-04-21 19:05:06', 1),
	(18, 'javiergg@permoda.com.co', '$2a$10$U3rrSzubPWfGQcX3RRXPB.DYj7zLxtmZl3c5LuTWTw/XAfhCRxuwC', 3, 'activo', NULL, '2026-04-21 19:05:06', 1),
	(19, 'walterg@permoda.com.co', '$2a$10$wYrJQa1Ck8gfjN.ArMtSpetujI2xjPQNbSWrsVe/d7Zinmpur/4f.', 3, 'activo', NULL, '2026-04-21 19:05:06', 1),
	(20, 'fabianll@permoda.com.co', '$2a$10$8HPZbq/VwhvyRntf5idogu7MxCAAUeotP3B./4XsYXjPlOB1s5mkK', 3, 'activo', NULL, '2026-04-21 19:05:06', 1),
	(21, 'kellynp@permoda.com.co', '$2a$10$GyvUhL/zmT5jC3cf0CyeP.0rGLoIdRQxa2JmG5f4TXTQV1aWaweYi', 3, 'activo', NULL, '2026-04-21 19:05:06', 1),
	(22, 'haroldcg@permoda.com.co', '$2a$10$ahB/f3TfuS8NTLYuayhHeeKt12VDTRCPmnIzD4FNmMNUtoTTTscHa', 3, 'activo', NULL, '2026-04-21 19:05:06', 1),
	(23, 'javierm@permoda.com.co', '$2a$10$biEQzYSOLuvuODLkKNIdiOFesH94vTLe7QouN4dQkxnxZtAApQKzS', 3, 'activo', NULL, '2026-04-21 19:05:06', 1),
	(24, 'miguelr@permoda.com.co', '$2a$10$fd2YQziiJEZPNXZKrbPTku1zxRfjrGf9LIiYkaXgoQ0YDGlcM.TAe', 3, 'activo', NULL, '2026-04-21 19:05:06', 1),
	(25, 'stefannyv@permoda.com.co', '$2a$10$SrUnT46lWYfOdCf7riXTs.NlnFjOBztOdGe2LqT5vyOHY5f7Nqxiq', 3, 'activo', NULL, '2026-04-21 19:05:06', 1),
	(26, 'Millerr@permoda.com.co', '$2a$10$QcPAN5cjbfhUnpHrtus/rusWWMyRiMHjA0JNAlcf2tpEgPwX6JAua', 3, 'activo', NULL, '2026-04-21 19:05:06', 1),
	(27, 'estebanmap@permoda.com.co', '$2a$10$ZyR2vzJhVuG07/BX/GEy2OdGlSDJJcSKUJtIsIo67gYZd.B4X.cO2', 3, 'activo', NULL, '2026-04-21 19:05:06', 1),
	(28, 'jenderm@permoda.com.co', '$2a$10$fYjPEgWg9iGKAs1qQa.nYubLp9lAHF4hq2/aY9Y7oATXDhG8P.Aza', 3, 'activo', NULL, '2026-04-21 19:05:06', 1),
	(29, 'davidrm@permoda.com.co', '$2a$10$7uS4nD/ze0YKtiT.7/1uUOsqMezEG3XWs0rpucOPZntR5g2rA5u/6', 3, 'activo', NULL, '2026-04-21 19:05:06', 1),
	(30, 'juanrg@permoda.com.co', '$2a$10$.1gY7JZvbXRPsiJJ3TK3/.2P/qADQ0bTrNsAZuEkCCD3NhFd6qmIK', 3, 'activo', NULL, '2026-04-21 19:05:06', 1),
	(31, 'sandror@permoda.com.co', '$2a$10$o0mKS/ixzEg4GdGDfwP8W.6l.h55Oi9L/jTABUXtIjdOXWP1ODTd2', 3, 'activo', NULL, '2026-04-21 19:05:06', 1),
	(32, 'juanpm@permoda.com.co', '$2a$10$ZD28DMd7n7.EDCpz90sdmu4VLbqeiRVNhAktZG9y84iUbnacuq7Za', 3, 'activo', NULL, '2026-04-21 19:05:06', 1),
	(33, 'claudiale@permoda.com.co', '$2a$10$k95ir3RzxYhGiRU4UJmnBOoRd//aNjcobo4WRpPVVsg0w9wKMpwHC', 3, 'activo', NULL, '2026-04-21 19:05:06', 1),
	(34, 'eduargp@permoda.com.co', '$2a$10$kYmNHsR1I5HNwPAgdXy97.xmInnjm9wn61RL2mwOxHZV7V3NSp1W6', 3, 'activo', NULL, '2026-04-21 19:05:06', 1),
	(35, 'haiderl@permoda.com.co', '$2a$10$BJmWOhqrH/Rl/SEjHNcnH.Q5nQ.wfDPUMmkhcr0w/FnQnQfEVbOXu', 3, 'activo', NULL, '2026-04-21 19:05:06', 1),
	(36, 'Gustavolg@permoda.com.co', '$2a$10$EwyE9eY1o90/yyTK5mInr.F7t81cLGhH27W0J1aqiknlOkjQO2gRe', 3, 'activo', NULL, '2026-04-21 19:05:06', 1),
	(37, 'edissonpg@permoda.com.co', '$2a$10$BhmHjkC2bdH0MDf/0L43qOLwgjrmr3juabIxgKPpZez/AvVBV8Prq', 3, 'activo', NULL, '2026-04-21 19:05:06', 1),
	(38, 'sofiacr@permoda.com.co', '$2a$10$OwzoyEe7LD.3PLqqKVYTfeeYFt.2vFYlee1imqwlEZIvNiLQCU47C', 3, 'activo', NULL, '2026-04-21 19:05:06', 1),
	(39, 'yirist@permoda.com.co', '$2a$10$mDHKtQUCMwnLcgRNKyhpuOZp939QI5Z4odL3wWb0U4O83nuiRW1RO', 3, 'activo', NULL, '2026-04-21 19:05:06', 1),
	(40, 'andresvc@permoda.com.co', '$2a$10$voZjAXN8dJ/RhoDfCg2xP.rZK42N70SgowCOIE/v3ajByQBfzVCH2', 3, 'activo', NULL, '2026-04-21 19:05:06', 1),
	(41, 'cristianl@permoda.com.co', '$2a$10$FNEE4lD4ONuOF1PSgA2b3eeYnXolPfzbQEIiFODD6439Ky4WseD92', 3, 'activo', NULL, '2026-04-21 19:05:06', 1),
	(42, 'santiagor@permoda.com.co', '$2a$10$tprys01j69JmMTDJ1FKR5e7dpXjezJPd7/QVIDa9msTY2bVB.EnnO', 3, 'activo', NULL, '2026-04-21 19:05:06', 1),
	(43, 'davidcm@permoda.com.co', '$2a$10$QNVWsXvsISb./oPaT1/rEOD1b3Zwv9WP9tiZfuaJEdoaLUcfZuXu2', 3, 'activo', NULL, '2026-04-21 19:05:06', 1),
	(44, 'Jaidersg@permoda.com.co', '$2a$10$9vHjGjSbMinwua/TG565wuxsdxE4T0rNs6BbUsTLLrR/bmiPeXOjC', 3, 'activo', NULL, '2026-04-21 19:05:06', 1),
	(45, 'Cesarmm@permoda.com.co', '$2a$10$bE4gfTD97CUI3xKTb/52DOQYCPtplemg8Jym.n9VBkcU55iFdSBZC', 3, 'activo', NULL, '2026-04-21 19:05:06', 1),
	(46, 'Cesarah@permoda.com.co', '$2a$10$1gu2TrWuBzacqTcnrJhSp.GprpNSd2wtmdx2tI0uGuy/f4RHDnGfa', 3, 'activo', NULL, '2026-04-21 19:05:06', 1),
	(47, 'jessicahm@permoda.com.co', '$2a$10$9ptsuq1gB8rZgpIZsKBbveMxl71IoqjR6km2r88j2sf.qNWUFQMZa', 3, 'activo', NULL, '2026-04-21 19:05:06', 1),
	(48, 'duvanhb@permoda.com.co', '$2a$10$mYDBQ3bqxxPbhkgH9l44zuBQiCgALklD0m6BS3qSXo.8J0tTP0fKO', 3, 'activo', NULL, '2026-04-21 19:05:06', 1),
	(49, 'juanvt@permoda.com.co', '$2a$10$EKlDJRfwgQc2eVn.ksIOPuExB9.evcni/BWoTkv6NY0P5k0Cs9SM2', 3, 'activo', NULL, '2026-04-21 19:05:06', 1),
	(50, 'danielasv@permoda.com.co', '$2a$10$du5yl8hytnsYxVmqLyL3lO2AblG4hB55FhG0AmgHTJNm0Cj39XOh.', 3, 'activo', NULL, '2026-04-21 19:05:06', 1),
	(51, 'jorgede@permoda.com.co', '$2a$10$KBdCMS8oYC07G562ibhQ0u7FOxoyDHDv2bX4asgxuSly9nb7jfBV.', 3, 'activo', NULL, '2026-04-21 19:05:06', 1),
	(52, 'jorgenb@permoda.com.co', '$2a$10$cTFyfaFzHr51NNIMCnZd2uk/9EBM50wIi8f7d5fHJ1WgJVwcQjYGu', 3, 'activo', NULL, '2026-04-21 19:05:06', 1),
	(53, 'pedrodf@permoda.com.co', '$2a$10$LK5BmjxJQMd5pRiCd9lxVuPAwiLWE5RNyIprshRR/IY3q0RHcfSVy', 3, 'activo', NULL, '2026-04-21 19:05:06', 1),
	(54, 'laurah@permoda.com.co', '$2a$10$a1c528gVdWcaNMOjehrFN..ijujhY4ip9kGrWPBWb7J147SaH6qbq', 3, 'activo', NULL, '2026-04-21 19:05:06', 1),
	(55, 'jorgecb@permoda.com.co', '$2a$10$XYAboaUVZur6c9CAi2N1.uTP8XKawPh0WyObC7NRH6kEJU1e1cJ3i', 3, 'activo', NULL, '2026-04-21 19:05:06', 1),
	(56, 'paolapo@permoda.com.co', '$2a$10$Qn2MEPD86itWYQH7NexQX.p2wNQVrNlgtN.csjUb/1QrCD8bwkare', 3, 'activo', NULL, '2026-04-21 19:05:06', 1),
	(57, 'rubbymc@permoda.com.co', '$2a$10$placeholder', 3, 'activo', NULL, '2026-04-21 19:05:06', 1),
	(58, 'miguelmr@permoda.com.co', '$2a$10$nZr8Mo/LHWUNQMHxywC03OLMqHDZtq.v6strrsIZCqLfXQPZ1eMyC', 3, 'activo', NULL, '2026-04-21 19:05:06', 1),
	(59, 'andreab@permoda.com.co', '$2a$10$XIbHLeBavjAAVgdUzSot3eYdwdo4GLBKqsFJHItq4ONHO5RTdOHzW', 3, 'activo', NULL, '2026-04-21 19:05:06', 1),
	(60, 'marlenvh@permoda.com.co', '$2a$10$Ge5vbB4vPuRyATfIrGzlFuHnEIa0NfnCjgaxjpcKGL7PwSzhPYMs.', 3, 'activo', NULL, '2026-04-21 19:05:06', 1),
	(61, 'mauriciot@permoda.com.co', '$2a$10$vLOp4aR8c2ISf.5tqg6bK.8yEpWQrO7ynnykXe1FfTvyoWJjTnrpK', 3, 'activo', NULL, '2026-04-21 19:05:06', 1),
	(62, 'fabioc@permoda.com.co', '$2a$10$k.PEE/FpZwXk.dBwn6u/su8e5e2Yoy.vCCktRvHcdZE./xEzKvlgm', 3, 'activo', NULL, '2026-04-21 19:05:06', 1),
	(63, 'jorgebb@permoda.com.co', '$2a$10$IctF0pq1l3zLgn3B74t8MuwgO/zzrCbFbCqqZmCzbhMOTEDjfanv2', 3, 'activo', NULL, '2026-04-21 19:05:06', 1),
	(64, 'neilab@permoda.com.co', '$2a$10$pEi..salAXk7SNwOdvIcJuok1Gp.qLmZqb/TVQLdgqWs/eEk2c.Yq', 3, 'activo', NULL, '2026-04-21 19:05:06', 1),
	(65, 'angelesmm@permoda.com.co', '$2a$10$5o/aTtQzvXlTfgrXS5OcTuarULTVKhv3CJ5G/2oywEH7vNQqnonXG', 3, 'activo', '2026-04-22 00:42:00', '2026-04-21 19:05:06', 0),
	(66, 'leidygt@permoda.com.co', '$2a$10$T2ila.cxIteG9KtsC3VnPewPDz.byqh.Sniu6xgvX9TxL6UJs0ZyG', 3, 'activo', NULL, '2026-04-21 19:05:06', 1),
	(67, 'angelcc@permoda.com.co', '$2a$10$BH/FY9W3YB5liAHwrNAcVexaXEGlt/N24l8XcObrAwAYag.NG/T4m', 3, 'activo', NULL, '2026-04-21 19:05:06', 1),
	(68, 'luisfqm@permoda.com.co', '$2a$10$lYqFIhS9YSORgo5y.SKJyeIJZHMCjo3O64qj5nZ.zHrDvki3pJyvC', 3, 'activo', NULL, '2026-04-21 19:05:06', 1),
	(69, 'marcot@permoda.com.co', '$2a$10$ewl55grVh0pCHfSeC1b/8OZKRkKcioxJLYIKZytkUkNiJ0XilhDL6', 3, 'activo', NULL, '2026-04-21 19:05:06', 1),
	(70, 'josea@permoda.com.co', '$2a$10$Di94QZUqIeVGuOcWy0e6FutpS95yC6j5MS48BFkSsRjVbwgDlDQ/S', 3, 'activo', NULL, '2026-04-21 19:05:06', 1),
	(71, 'cesarm@permoda.com.co', '$2a$10$6wueT9iBptgDDnOgNqcwDOUFir22s4nNceHIOgnN0Y9NxPP.g5OVK', 3, 'activo', NULL, '2026-04-21 19:05:06', 1),
	(72, 'nataliar@permoda.com.co', '$2a$10$8sxTKcUaRdkJKGG3JtLtkeaqW3jnvj4Mxg81xJImEoH7e2X9GMwB2', 3, 'activo', NULL, '2026-04-21 19:05:06', 1),
	(73, 'diegoct@permoda.com.co', '$2a$10$dgOR.OEytkDItlqVkljoC.uPFNfHHNCX8qvsFbjmLgI/NCkYvwLwq', 3, 'activo', NULL, '2026-04-21 19:05:06', 1),
	(74, 'angieym@permoda.com.co', '$2a$10$d62Vll64R7EWRMosPCXKQ.c8I4dqxioc.4keCSMKkIyxR6QTDePQi', 3, 'activo', NULL, '2026-04-21 19:05:06', 1),
	(75, 'kevinco@permoda.com.co', '$2a$10$GJ1/TbDiT75htoM/7eiSPucIgB0PC32eT31tB3r71xDlPT1JedkKa', 3, 'activo', NULL, '2026-04-21 19:05:06', 1),
	(76, 'oscarpv@permoda.com.co', '$2a$10$krrVPCBQs8TrzF1T5JwSsugLFWa44f.WLU0R7xT.067U.dECyOr5K', 3, 'activo', NULL, '2026-04-21 19:05:06', 1),
	(77, 'andresdb@permoda.com.co', '$2a$10$MxGBsnNJ/OHNserCCcsWHe0fLshusRFhlZzA41gUFLYSqVlX7yq.W', 3, 'activo', NULL, '2026-04-21 19:05:06', 1),
	(78, 'alejandrord@permoda.com.co', '$2a$10$unl7HIIvpKLGz1wxvZ80LuRRCCKCthmN4Qqv.E.yDXelU0bUXeaMG', 3, 'activo', NULL, '2026-04-21 19:05:06', 1),
	(79, 'yesidr@permoda.com.co', '$2a$10$8VmgJeMdYHhuGxtL.p9TtOr4VfsCswsXGWTfiGKr50HIw/fkIMQSC', 3, 'activo', NULL, '2026-04-21 19:05:06', 1),
	(80, '1233498427@permoda.local', '$2a$10$fAGt4V111C.mAhyHhlPMqup4HonzpHn5yeuSvXyNHzOn/lELuSzoi', 3, 'activo', NULL, '2026-04-21 19:05:06', 1);






COMMIT TRANSACTION;

